-- --------------------------------------------------------
-- Host:                         127.0.0.1
-- Versi server:                 8.0.30 - MySQL Community Server - GPL
-- OS Server:                    Win64
-- HeidiSQL Versi:               12.1.0.6537
-- --------------------------------------------------------

/*!40101 SET @OLD_CHARACTER_SET_CLIENT=@@CHARACTER_SET_CLIENT */;
/*!40101 SET NAMES utf8 */;
/*!50503 SET NAMES utf8mb4 */;
/*!40103 SET @OLD_TIME_ZONE=@@TIME_ZONE */;
/*!40103 SET TIME_ZONE='+00:00' */;
/*!40014 SET @OLD_FOREIGN_KEY_CHECKS=@@FOREIGN_KEY_CHECKS, FOREIGN_KEY_CHECKS=0 */;
/*!40101 SET @OLD_SQL_MODE=@@SQL_MODE, SQL_MODE='NO_AUTO_VALUE_ON_ZERO' */;
/*!40111 SET @OLD_SQL_NOTES=@@SQL_NOTES, SQL_NOTES=0 */;


-- Membuang struktur basisdata untuk simanis
CREATE DATABASE IF NOT EXISTS `simanis` /*!40100 DEFAULT CHARACTER SET utf8mb4 COLLATE utf8mb4_0900_ai_ci */ /*!80016 DEFAULT ENCRYPTION='N' */;
USE `simanis`;

-- membuang struktur untuk table simanis.barangs
CREATE TABLE IF NOT EXISTS `barangs` (
  `id` bigint unsigned NOT NULL AUTO_INCREMENT,
  `namaBarang` varchar(255) CHARACTER SET utf8mb4 COLLATE utf8mb4_unicode_ci NOT NULL,
  `kategori_id` varchar(255) COLLATE utf8mb4_unicode_ci NOT NULL,
  `asalBarang` varchar(255) CHARACTER SET utf8mb4 COLLATE utf8mb4_unicode_ci NOT NULL,
  `tglBeli` varchar(255) COLLATE utf8mb4_unicode_ci NOT NULL,
  `jlhBeli` varchar(255) COLLATE utf8mb4_unicode_ci NOT NULL,
  `hargaSatuan` varchar(255) COLLATE utf8mb4_unicode_ci NOT NULL,
  `totalHarga` varchar(255) COLLATE utf8mb4_unicode_ci NOT NULL,
  `tempatBeli` varchar(255) COLLATE utf8mb4_unicode_ci NOT NULL,
  `kepemilikan` varchar(255) COLLATE utf8mb4_unicode_ci NOT NULL,
  `created_at` timestamp NULL DEFAULT NULL,
  `updated_at` timestamp NULL DEFAULT NULL,
  PRIMARY KEY (`id`)
) ENGINE=InnoDB AUTO_INCREMENT=309 DEFAULT CHARSET=utf8mb4 COLLATE=utf8mb4_unicode_ci;

-- Membuang data untuk tabel simanis.barangs: ~171 rows (lebih kurang)
INSERT INTO `barangs` (`id`, `namaBarang`, `kategori_id`, `asalBarang`, `tglBeli`, `jlhBeli`, `hargaSatuan`, `totalHarga`, `tempatBeli`, `kepemilikan`, `created_at`, `updated_at`) VALUES
	(2, 'AC Daikin 2 PK', '1', 'Pembelian', '2016-07-02', '1', '6800000', '6800000', 'PT. Lintas Banua Nusantara', 'Kampus', '0000-00-00 00:00:00', '0000-00-00 00:00:00'),
	(4, 'AC Split CS-S13 KKP Panasonic (Inverter)', '1', 'Pembelian', '2010-05-01', '6', '6200000', '37200000', 'Toko Jaya', 'Kampus', '0000-00-00 00:00:00', '0000-00-00 00:00:00'),
	(6, 'AC Sharp 1 PK', '1', 'Pembelian', '2016-07-19', '3', '3650000', '10950000', 'PT. Lintas Banua Nusantara', 'Kampus', '0000-00-00 00:00:00', '0000-00-00 00:00:00'),
	(7, 'AC Sharp 1,5 PK', '1', 'Pembelian', '2016-07-19', '1', '4756000', '4756000', 'PT. Lintas Banua Nusantara', 'Kampus', '0000-00-00 00:00:00', '0000-00-00 00:00:00'),
	(8, 'AC Sharp 2 PK', '1', 'Pembelian', '2016-07-19', '8', '6050000', '48400000', 'PT. Lintas Banua Nusantara', 'Kampus', '0000-00-00 00:00:00', '0000-00-00 00:00:00'),
	(9, 'Kursi Wilson 703', '3', 'Pembelian', '2017-05-02', '2', '500000', '1000000', 'Sehat Subur', 'Kampus', '0000-00-00 00:00:00', '0000-00-00 00:00:00'),
	(10, 'Kursi Kerja', '3', 'Pembelian', '2017-08-24', '1', '549000', '549000', 'Lotte Mart', 'Kampus', '0000-00-00 00:00:00', '0000-00-00 00:00:00'),
	(11, 'Kursi Besi Panjang', '3', 'Pembelian', '2016-02-01', '4', '1284000', '5136000', 'CV. Aneka Niaga', 'Kampus', '0000-00-00 00:00:00', '0000-00-00 00:00:00'),
	(13, 'Alat Semprot Rumput', '8', 'Pembelian', '2014-05-28', '1', '305000', '305000', 'Duta Tekhnik', 'Kampus', '0000-00-00 00:00:00', '0000-00-00 00:00:00'),
	(15, 'Acses Point Bundar', '1', 'Pembelian', '2020-08-06', '3', '1330000', '3990000', 'DAP Komputer', 'Kampus', '0000-00-00 00:00:00', '0000-00-00 00:00:00'),
	(19, 'Kursi Matrix Hitam', '3', 'Pembelian', '2016-01-06', '20', '210000', '4200000', 'Sehat Subur Furniture', 'Kampus', '0000-00-00 00:00:00', '0000-00-00 00:00:00'),
	(20, 'Arm Practice Suture Nasco', '4', 'Pembelian', '2009-03-31', '1', '4800000', '4800000', 'Gluco Dr. Omron', 'Kampus', '0000-00-00 00:00:00', '0000-00-00 00:00:00'),
	(21, 'Ban Serep Minibus', '8', 'Pembelian', '2018-05-22', '1', '900000', '900000', 'TK. Remaja Ban', 'Kampus', '0000-00-00 00:00:00', '0000-00-00 00:00:00'),
	(23, 'Brancard Mak', '4', 'Pembelian', '2007-10-23', '1', '4950000', '4950000', 'CV. Mitra Medika', 'Kampus', '0000-00-00 00:00:00', '0000-00-00 00:00:00'),
	(24, 'Bed 3 crank manual medipro/ mp 32323', '4', 'Pembelian', '2017-09-20', '1', '21822200', '21822200', 'Bhakti Persada', 'Kampus', '0000-00-00 00:00:00', '0000-00-00 00:00:00'),
	(25, 'Bed Patient 3 Crank Max', '4', 'Pembelian', '2007-10-23', '1', '6500000', '6500000', 'CV. Mitra Medika', 'Kampus', '0000-00-00 00:00:00', '0000-00-00 00:00:00'),
	(27, 'BOR', '8', 'Pembelian', '2017-04-03', '1', '520000', '520000', 'Pasar Sudimampir', 'Kampus', '0000-00-00 00:00:00', '0000-00-00 00:00:00'),
	(30, 'Lemari Buku 3 Tingkat', '3', 'Pembelian', '2016-07-02', '18', '275000', '4950000', 'UD Mebel Berkat Lancar', 'Kampus', '0000-00-00 00:00:00', '0000-00-00 00:00:00'),
	(31, 'Electric Suction Apparatus H002', '4', 'Pembelian', '2016-06-09', '1', '3150000', '3150000', 'PT. Bina Bakti Jakarta', 'Kampus', '0000-00-00 00:00:00', '0000-00-00 00:00:00'),
	(32, 'Pasien Bed 3 Funtion SK014', '4', 'Pembelian', '2016-06-14', '1', '8500000', '8500000', 'PT. Sekarguna Medika', 'Kampus', '0000-00-00 00:00:00', '0000-00-00 00:00:00'),
	(33, 'Matras Lipat 3 cream', '4', 'Pembelian', '2016-06-14', '1', '975000', '975000', 'PT. Sekarguna Medika', 'Kampus', '0000-00-00 00:00:00', '0000-00-00 00:00:00'),
	(34, 'Matras 3 Crank', '4', 'Pembelian', '2017-10-04', '1', '1230000', '1230000', 'Bakti Persada', 'Kampus', '0000-00-00 00:00:00', '0000-00-00 00:00:00'),
	(36, 'Kamera Canon', '1', 'Pembelian', '2016-07-19', '1', '5800000', '5800000', 'Duta Mall', 'Kampus', '0000-00-00 00:00:00', '0000-00-00 00:00:00'),
	(38, 'Dispenser Miyako 2 in 1', '1', 'Pembelian', '2014-05-16', '1', '208000', '208000', 'Ufo Banjarmasin', 'Kampus', '0000-00-00 00:00:00', '0000-00-00 00:00:00'),
	(41, 'Dudukan UPS', '3', 'Pembelian', '2017-10-05', '82', '100000', '8200000', 'CV. Marco', 'Kampus', '0000-00-00 00:00:00', '0000-00-00 00:00:00'),
	(42, 'Etalase Almunium Kaca', '3', 'Pembelian', '2020-02-19', '1', '1200000', '1200000', 'Ancah Meubel', 'Kampus', '0000-00-00 00:00:00', '0000-00-00 00:00:00'),
	(49, 'LCD Projector Infocus IN 112X', '1', 'Pembelian', '2016-02-23', '2', '4900000', '9800000', 'Info Computer', 'Kampus', '0000-00-00 00:00:00', '0000-00-00 00:00:00'),
	(55, 'HP XIOMI REDMI 6', '1', 'Pembelian', '2019-04-30', '1', '1940000', '1940000', 'Gadgetmart', 'Kampus', '0000-00-00 00:00:00', '0000-00-00 00:00:00'),
	(56, 'HP Nokia 105', '1', 'Pembelian', '2018-01-30', '1', '225000', '225000', 'Gadgetmart', 'Kampus', '0000-00-00 00:00:00', '0000-00-00 00:00:00'),
	(57, 'Hardisk Eksternal Toshiba 500 GB', '1', 'Pembelian', '2018-11-23', '1', '675000', '675000', 'AT Komputer', 'Kampus', '0000-00-00 00:00:00', '0000-00-00 00:00:00'),
	(58, 'Hardisk Exsternal Toshiba 1TB', '1', 'Pembelian', '2021-07-07', '3', '690000', '2070000', 'Aneka Komputer', 'Kampus', '0000-00-00 00:00:00', '0000-00-00 00:00:00'),
	(64, 'Herkules SS 200 BB (Tiang Speaker)', '1', 'Pembelian', '2017-09-26', '4', '380000', '1520000', 'Nirwana Banjarmasin', 'Kampus', '0000-00-00 00:00:00', '0000-00-00 00:00:00'),
	(65, 'Godiva Sofa & Table White', '3', 'Pembelian', '2016-06-14', '1', '5700000', '5700000', 'Informa', 'Kampus', '0000-00-00 00:00:00', '0000-00-00 00:00:00'),
	(66, 'Monitor All In One ACER AC-20', '1', 'Pembelian', '2017-09-26', '50', '4150000', '207500000', 'AT Komputer', 'Kampus', '0000-00-00 00:00:00', '0000-00-00 00:00:00'),
	(67, 'PC ASUS AIO A6432GAK', '1', 'Pembelian', '2021-11-12', '1', '5950000', '5950000', 'Aneka Komputer', 'Kampus', '0000-00-00 00:00:00', '0000-00-00 00:00:00'),
	(70, 'Kaca Spion Bulat', '2', 'Pembelian', '2017-08-24', '3', '313000', '939000', 'Lotte Mart', 'Kampus', '0000-00-00 00:00:00', '0000-00-00 00:00:00'),
	(72, 'Karpet', '2', 'Pembelian', '2020-03-10', '1', '230000', '230000', 'Depo Gemilang', 'Kampus', '0000-00-00 00:00:00', '0000-00-00 00:00:00'),
	(75, 'Kipas Angin SEKAI', '1', 'Pembelian', '2019-09-09', '1', '220000', '220000', 'Pasar Cempaka', 'Kampus', '0000-00-00 00:00:00', '0000-00-00 00:00:00'),
	(80, 'Printer Epson L360', '1', 'Pembelian', '2018-09-26', '3', '2250000', '6750000', 'Info Computer', 'Kampus', '0000-00-00 00:00:00', '2024-04-08 00:23:39'),
	(81, 'Printer Epson L3110', '1', 'Pembelian', '2018-12-21', '1', '2200000', '2200000', 'Info Komputer Center', 'Kampus', '0000-00-00 00:00:00', '0000-00-00 00:00:00'),
	(88, 'TV Samsung 32""', '1', 'Pembelian', '2017-05-11', '1', '2358000', '2358000', 'Pondok Elektronik', 'Kampus', '0000-00-00 00:00:00', '0000-00-00 00:00:00'),
	(89, 'TV LED Samsung 32""', '1', 'Pembelian', '2017-05-05', '1', '3048000', '3048000', 'Ufo Banjarmasin', 'Kampus', '0000-00-00 00:00:00', '0000-00-00 00:00:00'),
	(91, 'Kursi Cheetah', '3', 'Pembelian', '2017-10-12', '85', '165000', '14025000', 'TK. Wijaya Raya', 'Kampus', '0000-00-00 00:00:00', '0000-00-00 00:00:00'),
	(92, 'Thermometer Infrared Jumper', '1', 'Pembelian', '2020-07-06', '1', '850000', '850000', 'PT. Panasea', 'Kampus', '0000-00-00 00:00:00', '0000-00-00 00:00:00'),
	(102, 'Kalkulator', '1', 'Pembelian', '2019-04-22', '1', '140000', '140000', 'Jaya Mas Stationary', 'Kampus', '0000-00-00 00:00:00', '0000-00-00 00:00:00'),
	(103, 'Kabel Sound Canare L2T2S', '1', 'Pembelian', '2017-09-26', '1', '1900000', '1900000', 'Nirwana Banjarmasin', 'Kampus', '0000-00-00 00:00:00', '0000-00-00 00:00:00'),
	(112, 'Laptop ACER ASPIRE V5-132 LINUX', '1', 'Pembelian', '2014-02-14', '6', '3500000', '21000000', 'Info Komputer Center', 'Kampus', '0000-00-00 00:00:00', '0000-00-00 00:00:00'),
	(115, 'Laptop ASUS X441NA', '1', 'Pembelian', '2017-07-19', '1', '3550000', '3550000', 'AT Komputer', 'Kampus', '0000-00-00 00:00:00', '0000-00-00 00:00:00'),
	(116, 'Laptop ASUS X441SA', '1', 'Pembelian', '2017-02-10', '1', '3450000', '3450000', 'AT Komputer', 'Kampus', '0000-00-00 00:00:00', '0000-00-00 00:00:00'),
	(117, 'Laptop ASUS X441UV', '1', 'Pembelian', '2017-07-19', '2', '5700000', '11400000', 'AT Komputer', 'Kampus', '0000-00-00 00:00:00', '0000-00-00 00:00:00'),
	(118, 'Laptop ASUS A407UF', '1', 'Pembelian', '2019-02-04', '1', '10800000', '10800000', 'Info Komputer Center', 'Kampus', '0000-00-00 00:00:00', '0000-00-00 00:00:00'),
	(119, 'Laptop Netbook', '1', 'Pembelian', '2020-04-01', '1', '3700000', '3700000', 'AT Komputer', 'Kampus', '0000-00-00 00:00:00', '0000-00-00 00:00:00'),
	(120, 'Laptop ACER A314-35-C8QLL SILVER', '1', 'Pembelian', '2021-11-12', '2', '6150000', '12300000', 'AT Komputer', 'Kampus', '0000-00-00 00:00:00', '0000-00-00 00:00:00'),
	(123, 'LCD Projector INFOCUS IN 114', '1', 'Pembelian', '2014-02-14', '3', '4100000', '12300000', 'Info Komputer Center', 'Kampus', '0000-00-00 00:00:00', '0000-00-00 00:00:00'),
	(124, 'Proyektor Acer X1185PG', '1', 'Pembelian', '2017-02-10', '1', '4095000', '4095000', 'Optimus Glorius', 'Kampus', '0000-00-00 00:00:00', '0000-00-00 00:00:00'),
	(126, 'LCD Proyektor ACER X1123H', '1', 'Pembelian', '2021-11-12', '2', '4350000', '8700000', 'Aneka Komputer', 'Kampus', '0000-00-00 00:00:00', '0000-00-00 00:00:00'),
	(131, 'Lemari Besi 1', '3', 'Pembelian', '2017-08-03', '1', '2999000', '2999000', 'Informa', 'Kampus', '0000-00-00 00:00:00', '0000-00-00 00:00:00'),
	(132, 'Lemari Besi 2', '3', 'Pembelian', '2017-08-18', '1', '2599000', '2599000', 'Informa', 'Kampus', '0000-00-00 00:00:00', '0000-00-00 00:00:00'),
	(145, 'Mixer Yamaha M616XU', '1', 'Pembelian', '2017-09-26', '1', '4900000', '4900000', 'Nirwana Banjarmasin', 'Kampus', '0000-00-00 00:00:00', '0000-00-00 00:00:00'),
	(146, 'Manekin (ALKES LAB)', '4', 'Pembelian', '2009-01-31', '1', '25500000', '25500000', 'CV. Mitra Medika', 'Kampus', '0000-00-00 00:00:00', '0000-00-00 00:00:00'),
	(147, 'Meja Kerja Dosen', '3', 'Pembelian', '2017-08-24', '1', '679000', '679000', 'Lotte Mart', 'Kampus', '0000-00-00 00:00:00', '0000-00-00 00:00:00'),
	(148, 'Meja Komputer', '3', 'Pembelian', '2017-10-05', '82', '850000', '69700000', 'CV. Marco', 'Kampus', '0000-00-00 00:00:00', '0000-00-00 00:00:00'),
	(149, 'Meja Besi Keyboard', '3', 'Pembelian', '2018-01-23', '1', '2100000', '2100000', 'UD. Anugerah', 'Kampus', '0000-00-00 00:00:00', '0000-00-00 00:00:00'),
	(150, 'Manual (Hidrolis) Traction Set+Bed Marvel INDO', '4', 'Pembelian', '2021-02-15', '1', '17500000', '17500000', 'Toko Alat Kesehatan MJA', 'Kampus', '0000-00-00 00:00:00', '0000-00-00 00:00:00'),
	(151, 'Matras Fisioterapi', '4', 'Pembelian', '2021-02-15', '5', '2750000', '13750000', 'Toko Alat Kesehatan MJA', 'Kampus', '0000-00-00 00:00:00', '0000-00-00 00:00:00'),
	(157, 'Meja Admin CBT', '3', 'Pembelian', '2017-10-05', '1', '850000', '850000', 'CV. Marco', 'Kampus', '0000-00-00 00:00:00', '0000-00-00 00:00:00'),
	(160, 'Mesin Fotocopy Bizhub 363 Rekondisi', '1', 'Pembelian', '2019-11-18', '1', '26000000', '26000000', 'Sinar Ultra', 'Kampus', '0000-00-00 00:00:00', '0000-00-00 00:00:00'),
	(161, 'Pompa Air China', '8', 'Pembelian', '2019-01-21', '1', '2650000', '2650000', 'Toko Pompa Air', 'Kampus', '0000-00-00 00:00:00', '0000-00-00 00:00:00'),
	(162, 'Mesin Pompa Air SHIMIZU', '8', 'Pembelian', '2014-04-01', '1', '404000', '404000', 'SHIMIZU', 'Kampus', '0000-00-00 00:00:00', '0000-00-00 00:00:00'),
	(163, 'Micropone Shuru Sm58LC', '1', 'Pembelian', '2017-09-26', '4', '1150000', '4600000', 'Nirwana Banjarmasin', 'Kampus', '0000-00-00 00:00:00', '0000-00-00 00:00:00'),
	(164, 'Micropone Shuru Bux 24R/ Sm58', '1', 'Pembelian', '2017-09-26', '1', '5850000', '5850000', 'Nirwana Banjarmasin', 'Kampus', '0000-00-00 00:00:00', '0000-00-00 00:00:00'),
	(165, 'Mesin Ring Kertas', '1', 'Pembelian', '2017-09-19', '1', '950000', '950000', 'TK. TAAT', 'Kampus', '0000-00-00 00:00:00', '0000-00-00 00:00:00'),
	(166, 'Micropone TOA 260', '1', 'Pembelian', '2017-02-10', '2', '150000', '300000', 'TK. H. Mahadi', 'Kampus', '0000-00-00 00:00:00', '0000-00-00 00:00:00'),
	(167, 'Micropone EALSEN ES-168G', '1', 'Pembelian', '2020-03-10', '1', '200000', '200000', 'Toko Elektronik', 'Kampus', '0000-00-00 00:00:00', '0000-00-00 00:00:00'),
	(175, 'Nebulizer Compamist ABN ', '4', 'Pembelian', '2008-03-31', '1', '600000', '600000', 'Toko Alat Kesehatan', 'Kampus', '0000-00-00 00:00:00', '0000-00-00 00:00:00'),
	(177, 'Oksigen (Second Hand)', '4', 'Pembelian', '2008-02-08', '1', '750000', '750000', 'CV. Mitra Medika', 'Kampus', '0000-00-00 00:00:00', '0000-00-00 00:00:00'),
	(178, 'Panasonic Vacum Cleaner', '1', 'Pembelian', '2014-09-11', '1', '754000', '754000', 'Hypermart Duta Mall', 'Kampus', '0000-00-00 00:00:00', '0000-00-00 00:00:00'),
	(179, 'Professional Black Fluorine Coated Kinesio Tape Im', '4', 'Pembelian', '2021-02-15', '1', '890000', '890000', 'Toko Alat Kesehatan MJA', 'Kampus', '0000-00-00 00:00:00', '0000-00-00 00:00:00'),
	(193, 'Printer Canon MP 287+Infus', '1', 'Pembelian', '2017-02-10', '1', '1125000', '1125000', 'Optimus Glorius', 'Kampus', '0000-00-00 00:00:00', '0000-00-00 00:00:00'),
	(198, 'Printer Epson L110', '1', 'Pembelian', '2014-07-12', '2', '1458000', '2916000', 'Optimus Glorius', 'Kampus', '0000-00-00 00:00:00', '0000-00-00 00:00:00'),
	(199, 'Printer Epson L210', '1', 'Pembelian', '2014-05-12', '1', '2050000', '2050000', 'Optimus Glorius', 'Kampus', '0000-00-00 00:00:00', '0000-00-00 00:00:00'),
	(201, 'Printer HP Laser', '1', 'Pembelian', '2017-11-30', '1', '2050000', '2050000', 'AT Komputer', 'Kampus', '0000-00-00 00:00:00', '0000-00-00 00:00:00'),
	(207, 'Rak Besi Sound Mixer', '3', 'Pembelian', '2017-12-13', '1', '1750000', '1750000', 'UD. Anugerah', 'Kampus', '0000-00-00 00:00:00', '0000-00-00 00:00:00'),
	(210, 'Rak Medicine & Glass', '3', 'Pembelian', '2008-03-25', '1', '750000', '750000', 'Pasar', 'Kampus', '0000-00-00 00:00:00', '0000-00-00 00:00:00'),
	(211, 'Rak Sepatu Plastik', '2', 'Pembelian', '2017-08-18', '7', '128700', '900900', 'PT. Senwell', 'Kampus', '0000-00-00 00:00:00', '0000-00-00 00:00:00'),
	(215, 'Shortwave Diathermy System', '4', 'Pembelian', '2021-03-02', '1', '143000000', '143000000', 'PT. Arlozil Putra Asthalaksana', 'Kampus', '0000-00-00 00:00:00', '0000-00-00 00:00:00'),
	(216, 'Switch Hub 8 Port', '1', 'Pembelian', '2017-11-22', '1', '300000', '300000', 'AT Komputer', 'Kampus', '0000-00-00 00:00:00', '0000-00-00 00:00:00'),
	(217, 'Speaker Audiologic SP 115A', '1', 'Pembelian', '2017-09-26', '4', '6000000', '24000000', 'Nirwana Banjarmasin', 'Kampus', '0000-00-00 00:00:00', '0000-00-00 00:00:00'),
	(218, 'Server Dell', '1', 'Pembelian', '2017-09-26', '1', '10500000', '10500000', 'AT Komputer', 'Kampus', '0000-00-00 00:00:00', '0000-00-00 00:00:00'),
	(219, 'Switch 24 Port', '1', 'Pembelian', '2017-09-26', '4', '1200000', '4800000', 'AT Komputer', 'Kampus', '0000-00-00 00:00:00', '0000-00-00 00:00:00'),
	(220, 'Tabung O2 + Regulator GG Set', '4', 'Pembelian', '2014-02-14', '1', '850000', '850000', 'Apotik Sahabat', 'Kampus', '0000-00-00 00:00:00', '0000-00-00 00:00:00'),
	(223, 'Tempat Duduk Besi Speaker', '3', 'Pembelian', '2018-01-23', '1', '750000', '750000', 'UD. Anugerah', 'Kampus', '0000-00-00 00:00:00', '0000-00-00 00:00:00'),
	(226, 'Tempat tidur pasien', '4', 'Pembelian', '2001-08-23', '1', '7965000', '7965000', 'Toko Alkes', 'Kampus', '0000-00-00 00:00:00', '0000-00-00 00:00:00'),
	(227, 'UPS Online', '1', 'Pembelian', '2017-11-22', '1', '9250000', '9250000', 'AT Komputer', 'Kampus', '0000-00-00 00:00:00', '0000-00-00 00:00:00'),
	(228, 'Tas Emergency', '4', 'Pembelian', '2019-08-27', '1', '250000', '250000', 'PT. Panasea', 'Kampus', '0000-00-00 00:00:00', '0000-00-00 00:00:00'),
	(229, 'UPS Prolink 650 VA', '1', 'Pembelian', '2017-08-22', '1', '550000', '550000', 'AT Komputer', 'Kampus', '0000-00-00 00:00:00', '0000-00-00 00:00:00'),
	(230, 'UPS Prolink 700VA', '1', 'Pembelian', '2018-12-21', '1', '600000', '600000', 'Info Komputer Center', 'Kampus', '0000-00-00 00:00:00', '0000-00-00 00:00:00'),
	(231, 'UPS Prolink PRO700SFC', '1', 'Pembelian', '2021-11-12', '2', '600000', '1200000', 'Aneka Komputer', 'Kampus', '0000-00-00 00:00:00', '0000-00-00 00:00:00'),
	(232, 'UPS ICA CE600', '1', 'Pembelian', '2021-11-12', '2', '650000', '1300000', 'Aneka Komputer', 'Kampus', '0000-00-00 00:00:00', '0000-00-00 00:00:00'),
	(233, 'Mini Bus Isuzu DA 9945 C', '6', 'Pembelian', '2018-03-23', '1', '80000000', '80000000', 'RSSI', 'Kampus', '0000-00-00 00:00:00', '0000-00-00 00:00:00'),
	(234, 'Wireless Portabel Baretone MAX8EB', '1', 'Pembelian', '2020-03-10', '1', '1800000', '1800000', 'Toko Elektronik', 'Kampus', '0000-00-00 00:00:00', '0000-00-00 00:00:00'),
	(235, 'Wastapel', '2', 'Pembelian', '2020-04-23', '3', '900000', '2700000', 'Ivan Kontraktor', 'Kampus', '0000-00-00 00:00:00', '0000-00-00 00:00:00'),
	(236, 'Thermometer Digital', '4', 'Pembelian', '2021-09-15', '5', '30000', '150000', 'CV. Dunia Alkes Kalimantan', 'Kampus', '0000-00-00 00:00:00', '0000-00-00 00:00:00'),
	(237, 'Tensimeter ABN Spectrum', '4', 'Pembelian', '2021-09-13', '4', '280000', '1120000', 'CV. Dunia Alkes Kalimantan', 'Kampus', '0000-00-00 00:00:00', '0000-00-00 00:00:00'),
	(238, 'Stetoskop Spectrum ABN', '4', 'Pembelian', '2021-09-15', '4', '85000', '340000', 'CV. Dunia Alkes Kalimantan', 'Kampus', '0000-00-00 00:00:00', '0000-00-00 00:00:00'),
	(239, 'Medline', '4', 'Pembelian', '2021-09-15', '5', '15000', '75000', 'CV. Dunia Alkes Kalimantan', 'Kampus', '0000-00-00 00:00:00', '0000-00-00 00:00:00'),
	(240, 'Penlight Onemed', '4', 'Pembelian', '2021-09-15', '5', '50000', '250000', 'CV. Dunia Alkes Kalimantan', 'Kampus', '0000-00-00 00:00:00', '0000-00-00 00:00:00'),
	(241, 'Timbangan Badan GEA', '4', 'Pembelian', '2021-09-15', '1', '75000', '75000', 'CV. Dunia Alkes Kalimantan', 'Kampus', '0000-00-00 00:00:00', '0000-00-00 00:00:00'),
	(242, 'Timbangan Bayi Serenity', '4', 'Pembelian', '2021-09-15', '1', '400000', '400000', 'CV. Dunia Alkes Kalimantan', 'Kampus', '0000-00-00 00:00:00', '0000-00-00 00:00:00'),
	(243, 'Pulse Oxy Choicemmed CN310', '4', 'Pembelian', '2021-09-15', '1', '350000', '350000', 'CV. Dunia Alkes Kalimantan', 'Kampus', '0000-00-00 00:00:00', '0000-00-00 00:00:00'),
	(244, 'Stature Meter SH2A GEA', '4', 'Pembelian', '2021-09-15', '1', '50000', '50000', 'CV. Dunia Alkes Kalimantan', 'Kampus', '0000-00-00 00:00:00', '0000-00-00 00:00:00'),
	(245, 'Stopwatch Onemed', '4', 'Pembelian', '2021-09-15', '1', '250000', '250000', 'CV. Dunia Alkes Kalimantan', 'Kampus', '0000-00-00 00:00:00', '0000-00-00 00:00:00'),
	(246, 'Kruk M GEA', '4', 'Pembelian', '2021-09-15', '1', '250000', '250000', 'CV. Dunia Alkes Kalimantan', 'Kampus', '0000-00-00 00:00:00', '0000-00-00 00:00:00'),
	(247, 'Walker GEA FS 912L', '4', 'Pembelian', '2021-09-15', '1', '450000', '450000', 'CV. Dunia Alkes Kalimantan', 'Kampus', '0000-00-00 00:00:00', '0000-00-00 00:00:00'),
	(248, 'Infrared Radiation Therapy', '4', 'Pembelian', '2021-02-15', '1', '7500000', '7500000', 'Toko Alat Kesehatan MJA', 'Kampus', '0000-00-00 00:00:00', '0000-00-00 00:00:00'),
	(249, 'Matras Yoga', '4', 'Pembelian', '2021-09-15', '3', '204800', '614400', 'ACE Hardware', 'Kampus', '0000-00-00 00:00:00', '0000-00-00 00:00:00'),
	(250, 'Handgrip Adjustable', '4', 'Pembelian', '2021-09-15', '2', '110000', '220000', 'ACE Hardware', 'Kampus', '0000-00-00 00:00:00', '0000-00-00 00:00:00'),
	(251, 'Shouldher Wheel Type A.1', '4', 'Pembelian', '2021-08-05', '1', '18900000', '18900000', 'Toko Alat Kesehatan MJA', 'Kampus', '0000-00-00 00:00:00', '0000-00-00 00:00:00'),
	(252, 'Quadriceps Bench Premium 2', '4', 'Pembelian', '2021-08-05', '1', '25500000', '25500000', 'Toko Alat Kesehatan MJA', 'Kampus', '0000-00-00 00:00:00', '0000-00-00 00:00:00'),
	(253, 'Double Pulley Exercise Premium 1', '4', 'Pembelian', '2021-08-05', '1', '16480000', '16480000', 'Toko Alat Kesehatan MJA', 'Kampus', '0000-00-00 00:00:00', '0000-00-00 00:00:00'),
	(254, 'Bangku Harvard Set', '4', 'Pembelian', '2021-08-01', '1', '4000000', '4000000', 'Toko Alat Kesehatan MJA', 'Kampus', '0000-00-00 00:00:00', '0000-00-00 00:00:00'),
	(255, 'Pedometer', '4', 'Pembelian', '2021-08-01', '1', '1500000', '1500000', 'Toko Alat Kesehatan MJA', 'Kampus', '0000-00-00 00:00:00', '0000-00-00 00:00:00'),
	(256, 'Goniometer', '4', 'Pembelian', '2021-08-01', '1', '3900000', '3900000', 'Toko Alat Kesehatan MJA', 'Kampus', '0000-00-00 00:00:00', '0000-00-00 00:00:00'),
	(257, 'Scoliometer Bubble Test', '4', 'Pembelian', '2021-08-01', '1', '3500000', '3500000', 'Toko Alat Kesehatan MJA', 'Kampus', '0000-00-00 00:00:00', '0000-00-00 00:00:00'),
	(258, 'Inclinometer Digital', '4', 'Pembelian', '2021-08-01', '1', '1500000', '1500000', 'Toko Alat Kesehatan MJA', 'Kampus', '0000-00-00 00:00:00', '0000-00-00 00:00:00'),
	(259, 'Pelvirulemeter', '4', 'Pembelian', '2021-08-01', '1', '1500000', '1500000', 'Toko Alat Kesehatan MJA', 'Kampus', '0000-00-00 00:00:00', '0000-00-00 00:00:00'),
	(260, 'Hand Dynamometer Digital', '4', 'Pembelian', '2021-08-01', '1', '800000', '800000', 'Toko Alat Kesehatan MJA', 'Kampus', '0000-00-00 00:00:00', '0000-00-00 00:00:00'),
	(261, 'Leg and Back Dynamometer Digital', '4', 'Pembelian', '2021-08-01', '1', '7900000', '7900000', 'Toko Alat Kesehatan MJA', 'Kampus', '0000-00-00 00:00:00', '0000-00-00 00:00:00'),
	(262, 'VAS Scale', '4', 'Pembelian', '2021-08-01', '10', '150000', '1500000', 'Toko Alat Kesehatan MJA', 'Kampus', '0000-00-00 00:00:00', '0000-00-00 00:00:00'),
	(263, 'Skin Caliper Test', '4', 'Pembelian', '2021-08-01', '1', '450000', '450000', 'Toko Alat Kesehatan MJA', 'Kampus', '0000-00-00 00:00:00', '0000-00-00 00:00:00'),
	(264, 'Double Wall Bar', '4', 'Pembelian', '2021-08-01', '1', '15900000', '15900000', 'Toko Alat Kesehatan MJA', 'Kampus', '0000-00-00 00:00:00', '0000-00-00 00:00:00'),
	(265, 'Wobble Board', '4', 'Pembelian', '2021-08-01', '1', '3500000', '3500000', 'Toko Alat Kesehatan MJA', 'Kampus', '0000-00-00 00:00:00', '0000-00-00 00:00:00'),
	(266, 'Pedal Exercise Digital Mini', '4', 'Pembelian', '2021-08-01', '1', '2500000', '2500000', 'Toko Alat Kesehatan MJA', 'Kampus', '0000-00-00 00:00:00', '0000-00-00 00:00:00'),
	(267, 'Stair Wall Exercise Premium 2', '4', 'Pembelian', '2021-08-01', '1', '18900000', '18900000', 'Toko Alat Kesehatan MJA', 'Kampus', '0000-00-00 00:00:00', '0000-00-00 00:00:00'),
	(268, 'Parallel Bar Adjustable Premium 1', '4', 'Pembelian', '2021-08-01', '1', '18500000', '18500000', 'Toko Alat Kesehatan MJA', 'Kampus', '0000-00-00 00:00:00', '0000-00-00 00:00:00'),
	(269, 'Ankle/ Wrist Weight', '4', 'Pembelian', '2021-08-01', '1', '1750000', '1750000', 'Toko Alat Kesehatan MJA', 'Kampus', '0000-00-00 00:00:00', '0000-00-00 00:00:00'),
	(270, 'Exercise Stick', '4', 'Pembelian', '2021-08-01', '1', '1750000', '1750000', 'Toko Alat Kesehatan MJA', 'Kampus', '0000-00-00 00:00:00', '0000-00-00 00:00:00'),
	(271, 'Manikin Maternitas Gaumard', '4', 'Pembelian', '2020-11-04', '1', '80000000', '80000000', 'PT. Arlozil Putra Asthalaksana', 'Kampus', '0000-00-00 00:00:00', '0000-00-00 00:00:00'),
	(272, 'Phantom Lengan', '4', 'Pembelian', '2020-10-24', '1', '23000000', '23000000', 'PT. Arlozil Putra Asthalaksana', 'Kampus', '0000-00-00 00:00:00', '0000-00-00 00:00:00'),
	(273, 'Suction Portable', '4', 'Pembelian', '2008-02-08', '1', '3500000', '3500000', 'CV. Mitra Medika', 'Kampus', '0000-00-00 00:00:00', '0000-00-00 00:00:00'),
	(274, 'Lampu Sorot', '1', 'Pembelian', '2021-04-08', '1', '1577850', '1577850', 'Medistra Medika', 'Milik Sendiri', '0000-00-00 00:00:00', '0000-00-00 00:00:00'),
	(275, 'Tensi ABN Spectrum', '4', 'Pembelian', '2021-04-08', '2', '300000', '600000', 'Medistra Medika', 'Milik Sendiri', '0000-00-00 00:00:00', '0000-00-00 00:00:00'),
	(276, 'Tas Emergency Besar', '4', 'Pembelian', '2021-04-08', '1', '250000', '250000', 'Medistra Medika', 'Milik Sendiri', '0000-00-00 00:00:00', '0000-00-00 00:00:00'),
	(277, 'Kursi tunggu panjang besi', '1', 'Pembelian', '2021-04-08', '3', '1250000', '3750000', 'Toko Sehat Subur', 'Milik Sendiri', '0000-00-00 00:00:00', '0000-00-00 00:00:00'),
	(278, 'Kursi Sofa', '3', 'Pembelian', '2021-08-16', '4', '950000', '3800000', 'Toko Mebel', 'Milik Sendiri', '0000-00-00 00:00:00', '0000-00-00 00:00:00'),
	(279, 'Printer Epson L 3110', '1', 'Pembelian', '2021-08-16', '1', '2600000', '2600000', 'At Komputer', 'Milik Sendiri', '0000-00-00 00:00:00', '0000-00-00 00:00:00'),
	(280, 'Proyektor ACER X1123H', '1', 'Pembelian', '2021-11-12', '2', '4350000', '8700000', 'AT Komputer', 'Milik Sendiri', '0000-00-00 00:00:00', '0000-00-00 00:00:00'),
	(281, 'Meja Dosen BOS 1260', '3', 'Pembelian', '2011-11-30', '1', '950000', '950000', 'Toko Sehat Subur', 'Milik Sendiri', '0000-00-00 00:00:00', '0000-00-00 00:00:00'),
	(283, 'Digital Ultrasound Stratek Korea', '4', 'Pembelian', '2020-11-19', '1', '29800000', '29800000', 'CV. Mandiri Jaya Alkes', 'Milik Sendiri', '0000-00-00 00:00:00', '0000-00-00 00:00:00'),
	(284, 'Digital LFC Tens Galvanic Faradic Merk Gymna DUO 200', '4', 'Pembelian', '2020-12-03', '1', '85000000', '85000000', 'CV. Mandiri Jaya Alkes', 'Milik Sendiri', '0000-00-00 00:00:00', '0000-00-00 00:00:00'),
	(285, 'Gerobang angkut barang', '2', 'Pembelian', '2022-01-07', '1', '598000', '598000', 'Depo Gemilang', 'Milik Sendiri', '0000-00-00 00:00:00', '0000-00-00 00:00:00'),
	(286, 'Termometer Standing K3 Pro', '1', 'Pembelian', '2022-03-04', '1', '600000', '600000', 'Medistra Medika', 'Milik Sendiri', '0000-00-00 00:00:00', '0000-00-00 00:00:00'),
	(287, 'Printer EPSON L3210', '1', 'Pembelian', '2022-03-09', '1', '2400000', '2400000', 'At Komputer', 'Milik Sendiri', '0000-00-00 00:00:00', '0000-00-00 00:00:00'),
	(288, 'Dinpenser Berdiri Sanken', '1', 'Pembelian', '2022-03-16', '1', '1548000', '1548000', 'Ufo Elektronik', 'Milik Sendiri', '0000-00-00 00:00:00', '0000-00-00 00:00:00'),
	(289, 'Gorden laboratorium fisioterapi', '2', 'Pembelian', '2022-03-20', '1', '2938000', '2938000', 'Depo Gemilang', 'Milik Sendiri', '0000-00-00 00:00:00', '0000-00-00 00:00:00'),
	(290, 'Karpet untuk Lab Fisoterapi', '2', 'Pembelian', '2022-04-05', '3', '1360000', '4080000', 'Pasar Sudimampir', 'Milik Sendiri', '0000-00-00 00:00:00', '0000-00-00 00:00:00'),
	(291, 'Jam Dinding Elektronik', '1', 'Pembelian', '2022-04-14', '1', '600000', '600000', 'Pasar Sudimampir', 'Milik Sendiri', '0000-00-00 00:00:00', '0000-00-00 00:00:00'),
	(292, 'Matras kasur lantai fisioterapi', '1', 'Pembelian', '2022-04-19', '6', '825000', '4950000', 'Gudang Veteran', 'Milik Sendiri', '0000-00-00 00:00:00', '0000-00-00 00:00:00'),
	(293, 'AC Sharp 1PK', '1', 'Pembelian', '2022-04-22', '1', '3410000', '3410000', 'Ufo Elektronik', 'Milik Sendiri', '0000-00-00 00:00:00', '0000-00-00 00:00:00'),
	(294, 'Mesin cuci 2 tabung panasonic', '1', 'Pembelian', '2022-05-11', '1', '1600000', '1600000', 'Toko Jaya', 'Milik Sendiri', '0000-00-00 00:00:00', '0000-00-00 00:00:00'),
	(295, 'Matras Bantal bulat dan segitiga', '4', 'Pembelian', '2022-05-17', '1', '1780000', '1780000', 'Gudang Veteran', 'Milik Sendiri', '0000-00-00 00:00:00', '0000-00-00 00:00:00'),
	(296, 'LCD Projector Acer BS-120PA', '1', 'Pembelian', '2022-09-12', '1', '5100000', '5100000', 'AT Komputer', 'Milik Sendiri', '0000-00-00 00:00:00', '0000-00-00 00:00:00'),
	(297, 'Lemari kaca', '3', 'Pembelian', '2022-05-23', '2', '2200000', '4400000', 'Meubel S.Parman', 'Milik Sendiri', '0000-00-00 00:00:00', '0000-00-00 00:00:00'),
	(298, 'Meja rapat', '3', 'Pembelian', '2022-05-31', '1', '1750000', '1750000', 'Toko Sehat Subur', 'Milik Sendiri', '0000-00-00 00:00:00', '0000-00-00 00:00:00'),
	(299, 'Kursi tunggu besi panjang', '3', 'Pembelian', '2022-05-31', '1', '1250000', '1250000', 'Toko Sehat Subur', 'Milik Sendiri', '0000-00-00 00:00:00', '0000-00-00 00:00:00'),
	(300, 'Tas keyboard', '2', 'Pembelian', '2022-06-09', '1', '160000', '160000', 'Toko Elektronik', 'Milik Sendiri', '0000-00-00 00:00:00', '0000-00-00 00:00:00'),
	(301, 'Laptop Acer', '1', 'Pembelian', '2022-06-16', '1', '6300000', '6300000', 'AT Komputer', 'Milik Sendiri', '0000-00-00 00:00:00', '0000-00-00 00:00:00'),
	(302, 'Kipas angin panasonic', '1', 'Pembelian', '2022-07-20', '1', '428000', '428000', 'UFO Elektronik', 'Milik Sendiri', '0000-00-00 00:00:00', '0000-00-00 00:00:00'),
	(303, 'Laptop Acer NB', '1', 'Pembelian', '2022-09-12', '2', '5100000', '10200000', 'AT Komputer', 'Milik Sendiri', '0000-00-00 00:00:00', '0000-00-00 00:00:00'),
	(304, 'Epson L3210 PSC', '1', 'Pembelian', '2023-09-29', '2', '2200000', '4400000', 'AT KOMPUTER BANJARMASIN', 'Milik Pribadi', '0000-00-00 00:00:00', '0000-00-00 00:00:00'),
	(305, 'Form roller', '4', 'Pembelian', '2022-08-02', '1', '735000', '735000', 'Pasar Sudimampir', 'Milik Sendiri', '0000-00-00 00:00:00', '0000-00-00 00:00:00');

-- membuang struktur untuk table simanis.failed_jobs
CREATE TABLE IF NOT EXISTS `failed_jobs` (
  `id` bigint unsigned NOT NULL AUTO_INCREMENT,
  `uuid` varchar(255) COLLATE utf8mb4_unicode_ci NOT NULL,
  `connection` text COLLATE utf8mb4_unicode_ci NOT NULL,
  `queue` text COLLATE utf8mb4_unicode_ci NOT NULL,
  `payload` longtext COLLATE utf8mb4_unicode_ci NOT NULL,
  `exception` longtext COLLATE utf8mb4_unicode_ci NOT NULL,
  `failed_at` timestamp NOT NULL DEFAULT CURRENT_TIMESTAMP,
  PRIMARY KEY (`id`),
  UNIQUE KEY `failed_jobs_uuid_unique` (`uuid`)
) ENGINE=InnoDB DEFAULT CHARSET=utf8mb4 COLLATE=utf8mb4_unicode_ci;

-- Membuang data untuk tabel simanis.failed_jobs: ~0 rows (lebih kurang)

-- membuang struktur untuk table simanis.gedungs
CREATE TABLE IF NOT EXISTS `gedungs` (
  `id` bigint unsigned NOT NULL AUTO_INCREMENT,
  `namaGedung` varchar(255) COLLATE utf8mb4_unicode_ci NOT NULL,
  `created_at` timestamp NULL DEFAULT NULL,
  `updated_at` timestamp NULL DEFAULT NULL,
  PRIMARY KEY (`id`)
) ENGINE=InnoDB AUTO_INCREMENT=9 DEFAULT CHARSET=utf8mb4 COLLATE=utf8mb4_unicode_ci;

-- Membuang data untuk tabel simanis.gedungs: ~7 rows (lebih kurang)
INSERT INTO `gedungs` (`id`, `namaGedung`, `created_at`, `updated_at`) VALUES
	(1, 'Louis', '2024-04-05 14:42:09', '2024-04-05 14:41:58'),
	(2, 'Marie Anne', '2024-04-05 14:42:12', '2024-04-05 14:42:03'),
	(3, 'Paulus', '2024-04-05 14:42:13', '2024-04-05 14:42:04'),
	(4, 'Perkantoran', '2024-04-05 14:42:13', '2024-04-05 14:42:05'),
	(5, 'Kantin', '2024-04-05 14:42:14', '2024-04-05 14:42:06'),
	(6, 'Kapel Susteran', '2024-04-05 14:42:15', '2024-04-05 14:42:07'),
	(7, 'Rumah Dinas Tamiang Buntok', '2024-04-05 14:42:15', '2024-04-05 21:19:17');

-- membuang struktur untuk table simanis.kategoris
CREATE TABLE IF NOT EXISTS `kategoris` (
  `id` bigint unsigned NOT NULL AUTO_INCREMENT,
  `namaKategori` varchar(255) COLLATE utf8mb4_unicode_ci NOT NULL,
  `created_at` timestamp NULL DEFAULT NULL,
  `updated_at` timestamp NULL DEFAULT NULL,
  PRIMARY KEY (`id`)
) ENGINE=InnoDB AUTO_INCREMENT=10 DEFAULT CHARSET=utf8mb4 COLLATE=utf8mb4_unicode_ci;

-- Membuang data untuk tabel simanis.kategoris: ~8 rows (lebih kurang)
INSERT INTO `kategoris` (`id`, `namaKategori`, `created_at`, `updated_at`) VALUES
	(1, 'Elektronik', '0000-00-00 00:00:00', '0000-00-00 00:00:00'),
	(2, 'Perabot', '0000-00-00 00:00:00', '0000-00-00 00:00:00'),
	(3, 'Furniture', '0000-00-00 00:00:00', '0000-00-00 00:00:00'),
	(4, 'Alat Laboratorium', '0000-00-00 00:00:00', '0000-00-00 00:00:00'),
	(5, 'Internet', '0000-00-00 00:00:00', '0000-00-00 00:00:00'),
	(6, 'Kendaraan', '0000-00-00 00:00:00', '0000-00-00 00:00:00'),
	(7, 'Buku', '0000-00-00 00:00:00', '0000-00-00 00:00:00'),
	(8, 'Maintenance', '0000-00-00 00:00:00', '0000-00-00 00:00:00');

-- membuang struktur untuk table simanis.migrations
CREATE TABLE IF NOT EXISTS `migrations` (
  `id` int unsigned NOT NULL AUTO_INCREMENT,
  `migration` varchar(255) COLLATE utf8mb4_unicode_ci NOT NULL,
  `batch` int NOT NULL,
  PRIMARY KEY (`id`)
) ENGINE=InnoDB AUTO_INCREMENT=11 DEFAULT CHARSET=utf8mb4 COLLATE=utf8mb4_unicode_ci;

-- Membuang data untuk tabel simanis.migrations: ~0 rows (lebih kurang)
INSERT INTO `migrations` (`id`, `migration`, `batch`) VALUES
	(1, '2014_10_12_000000_create_users_table', 1),
	(2, '2014_10_12_100000_create_password_reset_tokens_table', 1),
	(3, '2014_10_12_100000_create_password_resets_table', 1),
	(4, '2019_08_19_000000_create_failed_jobs_table', 1),
	(5, '2019_12_14_000001_create_personal_access_tokens_table', 1),
	(6, '2024_04_03_144751_create_gedungs_table', 1),
	(7, '2024_04_03_152247_create_ruangans_table', 1),
	(8, '2024_04_04_063411_create_kategoris_table', 1),
	(9, '2024_04_04_071242_create_barangs_table', 1),
	(10, '2024_04_06_052124_create_penempatans_table', 2);

-- membuang struktur untuk table simanis.password_resets
CREATE TABLE IF NOT EXISTS `password_resets` (
  `email` varchar(255) COLLATE utf8mb4_unicode_ci NOT NULL,
  `token` varchar(255) COLLATE utf8mb4_unicode_ci NOT NULL,
  `created_at` timestamp NULL DEFAULT NULL,
  KEY `password_resets_email_index` (`email`)
) ENGINE=InnoDB DEFAULT CHARSET=utf8mb4 COLLATE=utf8mb4_unicode_ci;

-- Membuang data untuk tabel simanis.password_resets: ~0 rows (lebih kurang)

-- membuang struktur untuk table simanis.password_reset_tokens
CREATE TABLE IF NOT EXISTS `password_reset_tokens` (
  `email` varchar(255) COLLATE utf8mb4_unicode_ci NOT NULL,
  `token` varchar(255) COLLATE utf8mb4_unicode_ci NOT NULL,
  `created_at` timestamp NULL DEFAULT NULL,
  PRIMARY KEY (`email`)
) ENGINE=InnoDB DEFAULT CHARSET=utf8mb4 COLLATE=utf8mb4_unicode_ci;

-- Membuang data untuk tabel simanis.password_reset_tokens: ~0 rows (lebih kurang)

-- membuang struktur untuk table simanis.penempatans
CREATE TABLE IF NOT EXISTS `penempatans` (
  `id` int NOT NULL AUTO_INCREMENT,
  `barang_id` int NOT NULL,
  `ruangan_id` int NOT NULL,
  `nomorUrut` int NOT NULL,
  `barcode` varchar(500) CHARACTER SET utf8mb4 COLLATE utf8mb4_general_ci NOT NULL,
  `created_at` timestamp NULL DEFAULT NULL,
  `updated_at` timestamp NULL DEFAULT NULL,
  PRIMARY KEY (`id`) USING BTREE,
  KEY `id_ruangan` (`ruangan_id`) USING BTREE,
  KEY `id_barang` (`barang_id`) USING BTREE
) ENGINE=InnoDB AUTO_INCREMENT=722 DEFAULT CHARSET=utf8mb4 COLLATE=utf8mb4_general_ci;

-- Membuang data untuk tabel simanis.penempatans: ~657 rows (lebih kurang)
INSERT INTO `penempatans` (`id`, `barang_id`, `ruangan_id`, `nomorUrut`, `barcode`, `created_at`, `updated_at`) VALUES
	(14, 80, 74, 1, '7.74/1.80/09.18/1.1', '2024-04-06 06:53:47', NULL),
	(15, 19, 1, 1, '1.1/3.19/01.16/20.1', NULL, NULL),
	(16, 19, 1, 2, '1.1/3.19/01.16/20.2', NULL, NULL),
	(17, 19, 1, 3, '1.1/3.19/01.16/20.3', NULL, NULL),
	(18, 19, 1, 4, '1.1/3.19/01.16/20.4', NULL, NULL),
	(19, 19, 1, 5, '1.1/3.19/01.16/20.5', NULL, NULL),
	(20, 19, 1, 6, '1.1/3.19/01.16/20.6', NULL, NULL),
	(21, 19, 1, 7, '1.1/3.19/01.16/20.7', NULL, NULL),
	(22, 19, 1, 8, '1.1/3.19/01.16/20.8', NULL, NULL),
	(23, 19, 1, 9, '1.1/3.19/01.16/20.9', NULL, NULL),
	(24, 19, 1, 10, '1.1/3.19/01.16/20.10', NULL, NULL),
	(25, 19, 1, 11, '1.1/3.19/01.16/20.11', NULL, NULL),
	(26, 19, 1, 12, '1.1/3.19/01.16/20.12', NULL, NULL),
	(27, 19, 1, 13, '1.1/3.19/01.16/20.13', NULL, NULL),
	(28, 19, 1, 14, '1.1/3.19/01.16/20.14', NULL, NULL),
	(29, 19, 1, 15, '1.1/3.19/01.16/20.15', NULL, NULL),
	(30, 19, 1, 16, '1.1/3.19/01.16/20.16', NULL, NULL),
	(31, 19, 1, 17, '1.1/3.19/01.16/20.17', NULL, NULL),
	(32, 19, 1, 18, '1.1/3.19/01.16/20.18', NULL, NULL),
	(33, 19, 1, 19, '1.1/3.19/01.16/20.19', NULL, NULL),
	(34, 19, 1, 20, '1.1/3.19/01.16/20.20', NULL, NULL),
	(35, 11, 16, 1, '2.16/3.11/02.16/4.1', NULL, NULL),
	(36, 11, 35, 2, '4.35/3.11/02.16/4.2', NULL, NULL),
	(37, 11, 35, 3, '4.35/3.11/02.16/4.3', NULL, NULL),
	(38, 11, 35, 4, '4.35/3.11/02.16/4.4', NULL, NULL),
	(39, 49, 12, 1, '2.12/1.49/02.16/2.1', '2024-04-06 06:53:50', NULL),
	(40, 49, 13, 2, '2.13/1.49/02.16/2.2', '2024-04-06 06:53:51', NULL),
	(41, 2, 75, 1, '4.75/1.2/07.16/1.1', '2024-04-06 06:53:51', NULL),
	(42, 30, 42, 1, '4.42/3.30/07.16/18.1', NULL, NULL),
	(43, 30, 43, 2, '4.43/3.30/07.16/18.2', NULL, NULL),
	(44, 30, 44, 3, '4.44/3.30/07.16/18.3', NULL, NULL),
	(45, 30, 45, 4, '4.45/3.30/07.16/18.4', NULL, NULL),
	(46, 30, 46, 5, '4.46/3.30/07.16/18.5', NULL, NULL),
	(47, 30, 47, 6, '4.47/3.30/07.16/18.6', NULL, NULL),
	(48, 30, 48, 7, '4.48/3.30/07.16/18.7', NULL, NULL),
	(50, 30, 49, 8, '4.49/3.30/07.16/18.8', NULL, NULL),
	(51, 30, 50, 9, '4.50/3.30/07.16/18.9', NULL, NULL),
	(52, 30, 51, 10, '4.51/3.30/07.16/18.10', NULL, NULL),
	(53, 30, 52, 11, '4.52/3.30/07.16/18.11', NULL, NULL),
	(54, 30, 53, 12, '4.53/3.30/07.16/18.12', NULL, NULL),
	(55, 30, 54, 13, '4.54/3.30/07.16/18.13', NULL, NULL),
	(56, 30, 57, 14, '4.57/3.30/07.16/18.14', NULL, NULL),
	(57, 30, 58, 15, '4.58/3.30/07.16/18.15', NULL, NULL),
	(58, 30, 59, 16, '4.59/3.30/07.16/18.16', NULL, NULL),
	(59, 30, 60, 17, '4.60/3.30/07.16/18.17', NULL, NULL),
	(60, 30, 61, 18, '4.61/3.30/07.16/18.18', NULL, NULL),
	(61, 31, 16, 1, '2.16/4.31/06.16/1.1', NULL, NULL),
	(62, 65, 28, 1, '4.28/3.65/06.16/1.1', NULL, NULL),
	(63, 32, 17, 1, '2.17/4.32/06.16/1.1', NULL, NULL),
	(64, 88, 35, 1, '4.35/1.88/07.16/1.1', '2024-04-06 06:53:52', NULL),
	(66, 193, 30, 1, '4.30/1.193/02.17/1.1', '2024-04-06 06:53:52', NULL),
	(67, 124, 4, 1, '1.4/1.124/02.17/1.1', '2024-04-06 06:53:53', NULL),
	(68, 116, 34, 1, '4.34/1.116/02.17/1.1', '2024-04-06 06:53:54', NULL),
	(69, 166, 9, 1, '2.9/1.166/02.17/2.1', '2024-04-06 06:53:54', NULL),
	(70, 166, 10, 2, '2.10/1.166/02.17/2.2', '2024-04-06 06:53:55', NULL),
	(71, 27, 69, 1, '4.69/8.27/04.17/1.1', NULL, NULL),
	(72, 9, 37, 1, '4.37/3.9/05.17/2.1', NULL, NULL),
	(74, 9, 66, 2, '4.66/3.9/05.17/2.2', NULL, NULL),
	(75, 89, 35, 1, '4.35/1.89/05.17/1.1', '2024-04-06 06:53:55', NULL),
	(76, 88, 73, 1, '6.73/1.88/05.17/1.1', '2024-04-06 06:53:56', NULL),
	(77, 30, 38, 1, '4.38/3.30/05.17/5.1', NULL, NULL),
	(78, 30, 62, 2, '4.62/3.30/05.17/5.2', NULL, NULL),
	(79, 30, 39, 3, '4.39/3.30/05.17/5.3', NULL, NULL),
	(80, 30, 42, 4, '4.42/3.30/05.17/5.4', NULL, NULL),
	(81, 30, 32, 5, '4.32/3.30/05.17/5.5', NULL, NULL),
	(82, 117, 7, 1, '1.7/1.117/07.17/2.1', '2024-04-06 06:53:57', NULL),
	(83, 117, 7, 2, '1.7/1.117/07.17/2.2', '2024-04-06 06:53:57', NULL),
	(84, 115, 23, 1, '3.23/1.115/07.18/1.1', '2024-04-06 06:53:58', NULL),
	(85, 131, 23, 1, '3.23/3.131/08.17/1.1', NULL, NULL),
	(86, 211, 16, 1, '2.16/3.211/08.17/7.1', NULL, NULL),
	(87, 211, 17, 2, '2.17/3.211/08.17/7.2', NULL, NULL),
	(88, 211, 18, 3, '2.18/3.211/08.17/7.3', NULL, NULL),
	(89, 211, 19, 4, '2.19/3.211/08.17/7.4', NULL, NULL),
	(90, 211, 20, 5, '2.20/3.211/08.17/7.5', NULL, NULL),
	(91, 211, 21, 6, '2.21/3.211/08.17/7.6', NULL, NULL),
	(92, 211, 16, 7, '2.16/3.211/08.17/7.7', NULL, NULL),
	(93, 80, 32, 1, '4.32/1.80/08.17/1.1', '2024-04-06 06:53:59', NULL),
	(94, 229, 36, 1, '4.36/1.229/08.17/1.1', '2024-04-06 06:53:59', NULL),
	(95, 124, 9, 1, '2.9/1.124/08.17/1.1', '2024-04-06 06:54:00', NULL),
	(96, 147, 66, 1, '4.66/3.147/08.17/1.1', NULL, NULL),
	(97, 147, 62, 1, '4.62/3.147/08.17/5.1', NULL, NULL),
	(98, 147, 39, 2, '4.39/3.147/08.17/5.2', NULL, NULL),
	(99, 147, 76, 3, '4.76/3.147/08.17/5.3', NULL, NULL),
	(100, 147, 24, 4, '3.24/3.147/08.17/5.4', NULL, NULL),
	(101, 147, 25, 5, '3.25/3.147/08.17/5.5', NULL, NULL),
	(102, 10, 66, 1, '4.66/3.10/08.17/1.1', NULL, NULL),
	(103, 70, 77, 1, '3.77/2.70/08.17/3.1', NULL, NULL),
	(104, 70, 77, 2, '3.77/2.70/08.17/3.2', NULL, NULL),
	(105, 70, 77, 3, '3.77/2.70/08.17/3.3', NULL, NULL),
	(106, 30, 24, 1, '3.24/3.30/08.17/7.1', NULL, NULL),
	(107, 30, 25, 2, '3.25/3.30/08.17/7.2', NULL, NULL),
	(109, 165, 68, 1, '4.68/1.165/09.17/1.1', '2024-04-06 06:54:00', NULL),
	(110, 24, 17, 1, '2.17/4.24/09.17/1.1', NULL, NULL),
	(111, 66, 22, 1, '3.22/1.66/09.17/50.1', '2024-04-06 06:54:01', NULL),
	(112, 66, 22, 2, '3.22/1.66/09.17/50.2', '2024-04-06 06:54:02', NULL),
	(113, 66, 22, 3, '3.22/1.66/09.17/50.3', '2024-04-06 06:54:02', NULL),
	(114, 66, 22, 4, '3.22/1.66/09.17/50.4', NULL, NULL),
	(115, 66, 22, 5, '3.22/1.66/09.17/50.5', NULL, NULL),
	(116, 66, 22, 6, '3.22/1.66/09.17/50.6', NULL, NULL),
	(117, 66, 22, 7, '3.22/1.66/09.17/50.7', NULL, NULL),
	(118, 66, 22, 8, '3.22/1.66/09.17/50.8', NULL, NULL),
	(119, 66, 22, 9, '3.22/1.66/09.17/50.9', NULL, NULL),
	(120, 66, 22, 10, '3.22/1.66/09.17/50.10', NULL, NULL),
	(121, 66, 22, 11, '3.22/1.66/09.17/50.11', NULL, NULL),
	(122, 66, 22, 12, '3.22/1.66/09.17/50.12', NULL, NULL),
	(123, 66, 22, 13, '3.22/1.66/09.17/50.13', NULL, NULL),
	(124, 66, 22, 14, '3.22/1.66/09.17/50.14', NULL, NULL),
	(125, 66, 22, 15, '3.22/1.66/09.17/50.15', NULL, NULL),
	(126, 66, 22, 16, '3.22/1.66/09.17/50.16', NULL, NULL),
	(127, 66, 22, 17, '3.22/1.66/09.17/50.17', NULL, NULL),
	(128, 66, 22, 18, '3.22/1.66/09.17/50.18', NULL, NULL),
	(129, 66, 22, 19, '3.22/1.66/09.17/50.19', NULL, NULL),
	(131, 66, 22, 20, '3.22/1.66/09.17/50.20', NULL, NULL),
	(132, 66, 22, 21, '3.22/1.66/09.17/50.21', NULL, NULL),
	(133, 66, 22, 22, '3.22/1.66/09.17/50.22', NULL, NULL),
	(134, 66, 22, 23, '3.22/1.66/09.17/50.23', NULL, NULL),
	(135, 66, 22, 24, '3.22/1.66/09.17/50.24', NULL, NULL),
	(136, 66, 22, 25, '3.22/1.66/09.17/50.25', NULL, NULL),
	(137, 66, 22, 26, '3.22/1.66/09.17/50.26', NULL, NULL),
	(138, 66, 22, 27, '3.22/1.66/09.17/50.27', NULL, NULL),
	(139, 66, 22, 28, '3.22/1.66/09.17/50.28', NULL, NULL),
	(140, 66, 22, 29, '3.22/1.66/09.17/50.29', NULL, NULL),
	(141, 66, 22, 30, '3.22/1.66/09.17/50.30', NULL, NULL),
	(143, 66, 22, 31, '3.22/1.66/09.17/50.31', NULL, NULL),
	(144, 66, 22, 32, '3.22/1.66/09.17/50.32', NULL, NULL),
	(145, 66, 22, 33, '3.22/1.66/09.17/50.33', NULL, NULL),
	(146, 66, 22, 34, '3.22/1.66/09.17/50.34', NULL, NULL),
	(147, 66, 22, 35, '3.22/1.66/09.17/50.35', NULL, NULL),
	(148, 66, 22, 36, '3.22/1.66/09.17/50.36', NULL, NULL),
	(149, 66, 22, 37, '3.22/1.66/09.17/50.37', NULL, NULL),
	(150, 66, 22, 38, '3.22/1.66/09.17/50.38', NULL, NULL),
	(151, 66, 22, 39, '3.22/1.66/09.17/50.39', NULL, NULL),
	(152, 66, 22, 40, '3.22/1.66/09.17/50.40', NULL, NULL),
	(153, 66, 22, 41, '3.22/1.66/09.17/50.41', NULL, NULL),
	(154, 66, 22, 42, '3.22/1.66/09.17/50.42', NULL, NULL),
	(155, 66, 22, 43, '3.22/1.66/09.17/50.43', NULL, NULL),
	(156, 66, 22, 44, '3.22/1.66/09.17/50.44', NULL, NULL),
	(157, 66, 22, 45, '3.22/1.66/09.17/50.45', NULL, NULL),
	(158, 66, 22, 46, '3.22/1.66/09.17/50.46', NULL, NULL),
	(159, 66, 22, 47, '3.22/1.66/09.17/50.47', NULL, NULL),
	(160, 66, 22, 48, '3.22/1.66/09.17/50.48', NULL, NULL),
	(161, 66, 22, 49, '3.22/1.66/09.17/50.49', NULL, NULL),
	(162, 66, 22, 50, '3.22/1.66/09.17/50.50', NULL, NULL),
	(163, 218, 22, 1, '3.22/1.218/09.17/1.1', NULL, NULL),
	(164, 219, 22, 1, '3.22/1.219/09.17/4.1', NULL, NULL),
	(165, 219, 22, 2, '3.22/1.219/09.17/4.2', NULL, NULL),
	(166, 219, 22, 3, '3.22/1.219/09.17/4.3', NULL, NULL),
	(167, 219, 22, 4, '3.22/1.219/09.17/4.4', NULL, NULL),
	(168, 217, 1, 1, '1.1/1.217/09.17/4.1', NULL, NULL),
	(169, 217, 1, 2, '1.1/1.217/09.17/4.2', NULL, NULL),
	(170, 217, 1, 3, '1.1/1.217/09.17/4.3', NULL, NULL),
	(171, 217, 71, 4, '2.71/1.217/09.17/4.4', NULL, NULL),
	(172, 64, 1, 1, '1.1/1.64/09.17/4.1', NULL, NULL),
	(173, 64, 1, 2, '1.1/1.64/09.17/4.2', NULL, NULL),
	(174, 64, 1, 3, '1.1/1.64/09.17/4.3', NULL, NULL),
	(175, 64, 71, 4, '2.71/1.64/09.17/4.4', NULL, NULL),
	(176, 164, 1, 1, '1.1/1.164/09.17/1.1', NULL, NULL),
	(177, 163, 1, 1, '1.1/1.163/09.17/4.1', NULL, NULL),
	(178, 163, 1, 2, '1.1/1.163/09.17/4.2', NULL, NULL),
	(179, 163, 1, 3, '1.1/1.163/09.17/4.3', NULL, NULL),
	(180, 163, 71, 4, '2.71/1.163/09.17/4.4', NULL, NULL),
	(181, 103, 1, 1, '1.1/1.103/09.17/1.1', NULL, NULL),
	(182, 145, 71, 1, '2.71/1.145/09.17/1.1', NULL, NULL),
	(183, 34, 17, 1, '2.17/4.34/10.17/1.1', NULL, NULL),
	(184, 148, 22, 1, '3.22/3.148/10.17/82.1', NULL, NULL),
	(185, 148, 22, 2, '3.22/3.148/10.17/82.2', NULL, NULL),
	(186, 148, 22, 3, '3.22/3.148/10.17/82.3', NULL, NULL),
	(187, 148, 22, 4, '3.22/3.148/10.17/82.4', NULL, NULL),
	(188, 148, 22, 5, '3.22/3.148/10.17/82.5', NULL, NULL),
	(189, 148, 22, 6, '3.22/3.148/10.17/82.6', NULL, NULL),
	(190, 148, 22, 7, '3.22/3.148/10.17/82.7', NULL, NULL),
	(191, 148, 22, 8, '3.22/3.148/10.17/82.8', NULL, NULL),
	(192, 148, 22, 9, '3.22/3.148/10.17/82.9', NULL, NULL),
	(193, 148, 22, 10, '3.22/3.148/10.17/82.10', NULL, NULL),
	(194, 148, 22, 11, '3.22/3.148/10.17/82.11', NULL, NULL),
	(195, 148, 22, 12, '3.22/3.148/10.17/82.12', NULL, NULL),
	(196, 148, 22, 13, '3.22/3.148/10.17/82.13', NULL, NULL),
	(197, 148, 22, 14, '3.22/3.148/10.17/82.14', NULL, NULL),
	(198, 148, 22, 15, '3.22/3.148/10.17/82.15', NULL, NULL),
	(199, 148, 22, 16, '3.22/3.148/10.17/82.16', NULL, NULL),
	(200, 148, 22, 17, '3.22/3.148/10.17/82.17', NULL, NULL),
	(201, 148, 22, 18, '3.22/3.148/10.17/82.18', NULL, NULL),
	(202, 148, 22, 19, '3.22/3.148/10.17/82.19', NULL, NULL),
	(203, 148, 22, 20, '3.22/3.148/10.17/82.20', NULL, NULL),
	(204, 148, 22, 21, '3.22/3.148/10.17/82.21', NULL, NULL),
	(205, 148, 22, 22, '3.22/3.148/10.17/82.22', NULL, NULL),
	(206, 148, 22, 23, '3.22/3.148/10.17/82.23', NULL, NULL),
	(207, 148, 22, 24, '3.22/3.148/10.17/82.24', NULL, NULL),
	(208, 148, 22, 25, '3.22/3.148/10.17/82.25', NULL, NULL),
	(209, 148, 22, 26, '3.22/3.148/10.17/82.26', NULL, NULL),
	(210, 148, 22, 27, '3.22/3.148/10.17/82.27', NULL, NULL),
	(211, 148, 22, 28, '3.22/3.148/10.17/82.28', NULL, NULL),
	(212, 148, 22, 29, '3.22/3.148/10.17/82.29', NULL, NULL),
	(213, 148, 22, 30, '3.22/3.148/10.17/82.30', NULL, NULL),
	(214, 148, 22, 31, '3.22/3.148/10.17/82.31', NULL, NULL),
	(215, 148, 22, 32, '3.22/3.148/10.17/82.32', NULL, NULL),
	(216, 148, 22, 33, '3.22/3.148/10.17/82.33', NULL, NULL),
	(217, 148, 22, 34, '3.22/3.148/10.17/82.34', NULL, NULL),
	(218, 148, 22, 35, '3.22/3.148/10.17/82.35', NULL, NULL),
	(219, 148, 22, 36, '3.22/3.148/10.17/82.36', NULL, NULL),
	(220, 148, 22, 37, '3.22/3.148/10.17/82.37', NULL, NULL),
	(221, 148, 22, 38, '3.22/3.148/10.17/82.38', NULL, NULL),
	(222, 148, 22, 39, '3.22/3.148/10.17/82.39', NULL, NULL),
	(223, 148, 22, 40, '3.22/3.148/10.17/82.40', NULL, NULL),
	(224, 148, 22, 41, '3.22/3.148/10.17/82.41', NULL, NULL),
	(225, 148, 22, 42, '3.22/3.148/10.17/82.42', NULL, NULL),
	(226, 148, 22, 43, '3.22/3.148/10.17/82.43', NULL, NULL),
	(227, 148, 22, 44, '3.22/3.148/10.17/82.44', NULL, NULL),
	(228, 148, 22, 45, '3.22/3.148/10.17/82.45', NULL, NULL),
	(229, 148, 22, 46, '3.22/3.148/10.17/82.46', NULL, NULL),
	(230, 148, 22, 47, '3.22/3.148/10.17/82.47', NULL, NULL),
	(231, 148, 22, 48, '3.22/3.148/10.17/82.48', NULL, NULL),
	(232, 148, 22, 49, '3.22/3.148/10.17/82.49', NULL, NULL),
	(233, 148, 22, 50, '3.22/3.148/10.17/82.50', NULL, NULL),
	(234, 148, 22, 51, '3.22/3.148/10.17/82.51', NULL, NULL),
	(235, 148, 22, 52, '3.22/3.148/10.17/82.52', NULL, NULL),
	(236, 148, 22, 53, '3.22/3.148/10.17/82.53', NULL, NULL),
	(237, 148, 22, 54, '3.22/3.148/10.17/82.54', NULL, NULL),
	(238, 148, 22, 55, '3.22/3.148/10.17/82.55', NULL, NULL),
	(239, 148, 22, 56, '3.22/3.148/10.17/82.56', NULL, NULL),
	(240, 148, 22, 57, '3.22/3.148/10.17/82.57', NULL, NULL),
	(241, 148, 22, 58, '3.22/3.148/10.17/82.58', NULL, NULL),
	(242, 148, 22, 59, '3.22/3.148/10.17/82.59', NULL, NULL),
	(243, 148, 22, 60, '3.22/3.148/10.17/82.60', NULL, NULL),
	(244, 148, 22, 61, '3.22/3.148/10.17/82.61', NULL, NULL),
	(245, 148, 22, 62, '3.22/3.148/10.17/82.62', NULL, NULL),
	(247, 148, 22, 63, '3.22/3.148/10.17/82.63', NULL, NULL),
	(248, 148, 22, 64, '3.22/3.148/10.17/82.64', NULL, NULL),
	(249, 148, 22, 65, '3.22/3.148/10.17/82.65', NULL, NULL),
	(250, 148, 22, 66, '3.22/3.148/10.17/82.66', NULL, NULL),
	(251, 148, 22, 67, '3.22/3.148/10.17/82.67', NULL, NULL),
	(252, 148, 22, 68, '3.22/3.148/10.17/82.68', NULL, NULL),
	(253, 148, 22, 69, '3.22/3.148/10.17/82.69', NULL, NULL),
	(255, 148, 22, 70, '3.22/3.148/10.17/82.70', NULL, NULL),
	(256, 148, 22, 71, '3.22/3.148/10.17/82.71', NULL, NULL),
	(257, 148, 22, 72, '3.22/3.148/10.17/82.72', NULL, NULL),
	(258, 148, 22, 73, '3.22/3.148/10.17/82.73', NULL, NULL),
	(259, 148, 22, 74, '3.22/3.148/10.17/82.74', NULL, NULL),
	(260, 148, 22, 75, '3.22/3.148/10.17/82.75', NULL, NULL),
	(261, 148, 22, 76, '3.22/3.148/10.17/82.76', NULL, NULL),
	(262, 148, 22, 77, '3.22/3.148/10.17/82.77', NULL, NULL),
	(263, 148, 22, 78, '3.22/3.148/10.17/82.78', NULL, NULL),
	(264, 148, 22, 79, '3.22/3.148/10.17/82.79', NULL, NULL),
	(265, 148, 22, 80, '3.22/3.148/10.17/82.80', NULL, NULL),
	(266, 148, 22, 81, '3.22/3.148/10.17/82.81', NULL, NULL),
	(267, 148, 22, 82, '3.22/3.148/10.17/82.82', NULL, NULL),
	(268, 41, 22, 1, '3.22/3.41/10.17/82.1', NULL, NULL),
	(269, 41, 22, 2, '3.22/3.41/10.17/82.2', NULL, NULL),
	(270, 41, 22, 3, '3.22/3.41/10.17/82.3', NULL, NULL),
	(271, 41, 22, 4, '3.22/3.41/10.17/82.4', NULL, NULL),
	(272, 41, 22, 5, '3.22/3.41/10.17/82.5', NULL, NULL),
	(273, 41, 22, 6, '3.22/3.41/10.17/82.6', NULL, NULL),
	(274, 41, 22, 7, '3.22/3.41/10.17/82.7', NULL, NULL),
	(275, 41, 22, 8, '3.22/3.41/10.17/82.8', NULL, NULL),
	(278, 41, 22, 9, '3.22/3.41/10.17/82.9', NULL, NULL),
	(279, 41, 22, 10, '3.22/3.41/10.17/82.10', NULL, NULL),
	(280, 41, 22, 11, '3.22/3.41/10.17/82.11', NULL, NULL),
	(281, 41, 22, 12, '3.22/3.41/10.17/82.12', NULL, NULL),
	(283, 41, 22, 13, '3.22/3.41/10.17/82.13', NULL, NULL),
	(284, 41, 22, 14, '3.22/3.41/10.17/82.14', NULL, NULL),
	(285, 41, 22, 15, '3.22/3.41/10.17/82.15', NULL, NULL),
	(286, 41, 22, 16, '3.22/3.41/10.17/82.16', NULL, NULL),
	(287, 41, 22, 17, '3.22/3.41/10.17/82.17', NULL, NULL),
	(288, 41, 22, 18, '3.22/3.41/10.17/82.18', NULL, NULL),
	(290, 41, 22, 19, '3.22/3.41/10.17/82.19', NULL, NULL),
	(291, 41, 22, 20, '3.22/3.41/10.17/82.20', NULL, NULL),
	(292, 41, 22, 21, '3.22/3.41/10.17/82.21', NULL, NULL),
	(294, 41, 22, 22, '3.22/3.41/10.17/82.22', NULL, NULL),
	(295, 41, 22, 23, '3.22/3.41/10.17/82.23', NULL, NULL),
	(296, 41, 22, 24, '3.22/3.41/10.17/82.24', NULL, NULL),
	(297, 41, 22, 25, '3.22/3.41/10.17/82.25', NULL, NULL),
	(298, 41, 22, 26, '3.22/3.41/10.17/82.26', NULL, NULL),
	(299, 41, 22, 27, '3.22/3.41/10.17/82.27', NULL, NULL),
	(300, 41, 22, 28, '3.22/3.41/10.17/82.28', NULL, NULL),
	(301, 41, 22, 29, '3.22/3.41/10.17/82.29', NULL, NULL),
	(303, 41, 22, 30, '3.22/3.41/10.17/82.30', NULL, NULL),
	(304, 304, 85, 1, '4.85/1.304/09.23/2.1', NULL, NULL),
	(305, 41, 22, 32, '3.22/3.41/10.17/82.32', NULL, NULL),
	(306, 41, 22, 33, '3.22/3.41/10.17/82.33', NULL, NULL),
	(307, 41, 22, 34, '3.22/3.41/10.17/82.34', NULL, NULL),
	(308, 41, 22, 35, '3.22/3.41/10.17/82.35', NULL, NULL),
	(309, 41, 22, 36, '3.22/3.41/10.17/82.36', NULL, NULL),
	(310, 41, 22, 37, '3.22/3.41/10.17/82.37', NULL, NULL),
	(311, 41, 22, 38, '3.22/3.41/10.17/82.38', NULL, NULL),
	(312, 41, 22, 39, '3.22/3.41/10.17/82.39', NULL, NULL),
	(313, 41, 22, 40, '3.22/3.41/10.17/82.40', NULL, NULL),
	(314, 41, 22, 41, '3.22/3.41/10.17/82.41', NULL, NULL),
	(315, 41, 22, 42, '3.22/3.41/10.17/82.42', NULL, NULL),
	(316, 41, 22, 43, '3.22/3.41/10.17/82.43', NULL, NULL),
	(317, 41, 22, 44, '3.22/3.41/10.17/82.44', NULL, NULL),
	(318, 41, 22, 45, '3.22/3.41/10.17/82.45', NULL, NULL),
	(319, 41, 22, 46, '3.22/3.41/10.17/82.46', NULL, NULL),
	(320, 41, 22, 47, '3.22/3.41/10.17/82.47', NULL, NULL),
	(321, 41, 22, 48, '3.22/3.41/10.17/82.48', NULL, NULL),
	(322, 41, 22, 49, '3.22/3.41/10.17/82.49', NULL, NULL),
	(323, 41, 22, 50, '3.22/3.41/10.17/82.50', NULL, NULL),
	(324, 41, 22, 51, '3.22/3.41/10.17/82.51', NULL, NULL),
	(325, 41, 22, 52, '3.22/3.41/10.17/82.52', NULL, NULL),
	(326, 41, 22, 53, '3.22/3.41/10.17/82.53', NULL, NULL),
	(327, 41, 22, 54, '3.22/3.41/10.17/82.54', NULL, NULL),
	(328, 41, 22, 55, '3.22/3.41/10.17/82.55', NULL, NULL),
	(329, 41, 22, 56, '3.22/3.41/10.17/82.56', NULL, NULL),
	(330, 41, 22, 57, '3.22/3.41/10.17/82.57', NULL, NULL),
	(331, 41, 22, 58, '3.22/3.41/10.17/82.58', NULL, NULL),
	(332, 41, 22, 59, '3.22/3.41/10.17/82.59', NULL, NULL),
	(333, 41, 22, 60, '3.22/3.41/10.17/82.60', NULL, NULL),
	(334, 41, 22, 61, '3.22/3.41/10.17/82.61', NULL, NULL),
	(335, 41, 22, 62, '3.22/3.41/10.17/82.62', NULL, NULL),
	(336, 41, 22, 63, '3.22/3.41/10.17/82.63', NULL, NULL),
	(337, 41, 22, 64, '3.22/3.41/10.17/82.64', NULL, NULL),
	(338, 41, 22, 65, '3.22/3.41/10.17/82.65', NULL, NULL),
	(339, 41, 22, 66, '3.22/3.41/10.17/82.66', NULL, NULL),
	(340, 41, 22, 67, '3.22/3.41/10.17/82.67', NULL, NULL),
	(341, 41, 22, 68, '3.22/3.41/10.17/82.68', NULL, NULL),
	(342, 41, 22, 69, '3.22/3.41/10.17/82.69', NULL, NULL),
	(343, 41, 22, 70, '3.22/3.41/10.17/82.70', NULL, NULL),
	(344, 41, 22, 71, '3.22/3.41/10.17/82.71', NULL, NULL),
	(345, 41, 22, 72, '3.22/3.41/10.17/82.72', NULL, NULL),
	(346, 41, 22, 73, '3.22/3.41/10.17/82.73', NULL, NULL),
	(347, 41, 22, 74, '3.22/3.41/10.17/82.74', NULL, NULL),
	(348, 41, 22, 75, '3.22/3.41/10.17/82.75', NULL, NULL),
	(349, 41, 22, 76, '3.22/3.41/10.17/82.76', NULL, NULL),
	(350, 41, 22, 77, '3.22/3.41/10.17/82.77', NULL, NULL),
	(351, 41, 22, 78, '3.22/3.41/10.17/82.78', NULL, NULL),
	(352, 41, 22, 79, '3.22/3.41/10.17/82.79', NULL, NULL),
	(353, 41, 22, 80, '3.22/3.41/10.17/82.80', NULL, NULL),
	(356, 41, 22, 82, '3.22/3.41/10.17/82.82', NULL, NULL),
	(357, 157, 22, 1, '3.22/3.157/10.17/1.1', NULL, NULL),
	(358, 91, 22, 1, '3.22/3.91/10.17/85.1', NULL, NULL),
	(359, 91, 22, 2, '3.22/3.91/10.17/85.2', NULL, NULL),
	(360, 91, 22, 3, '3.22/3.91/10.17/85.3', NULL, NULL),
	(361, 91, 22, 4, '3.22/3.91/10.17/85.4', NULL, NULL),
	(362, 91, 22, 5, '3.22/3.91/10.17/85.5', NULL, NULL),
	(363, 91, 22, 6, '3.22/3.91/10.17/85.6', NULL, NULL),
	(364, 91, 22, 7, '3.22/3.91/10.17/85.7', NULL, NULL),
	(365, 91, 22, 8, '3.22/3.91/10.17/85.8', NULL, NULL),
	(366, 91, 22, 9, '3.22/3.91/10.17/85.9', NULL, NULL),
	(367, 91, 22, 10, '3.22/3.91/10.17/85.10', NULL, NULL),
	(368, 91, 22, 11, '3.22/3.91/10.17/85.11', NULL, NULL),
	(369, 91, 22, 12, '3.22/3.91/10.17/85.12', NULL, NULL),
	(370, 91, 22, 13, '3.22/3.91/10.17/85.13', NULL, NULL),
	(371, 91, 22, 14, '3.22/3.91/10.17/85.14', NULL, NULL),
	(372, 91, 22, 15, '3.22/3.91/10.17/85.15', NULL, NULL),
	(373, 91, 22, 16, '3.22/3.91/10.17/85.16', NULL, NULL),
	(374, 91, 22, 17, '3.22/3.91/10.17/85.17', NULL, NULL),
	(375, 91, 22, 18, '3.22/3.91/10.17/85.18', NULL, NULL),
	(376, 91, 22, 19, '3.22/3.91/10.17/85.19', NULL, NULL),
	(377, 91, 22, 20, '3.22/3.91/10.17/85.20', NULL, NULL),
	(378, 91, 22, 21, '3.22/3.91/10.17/85.21', NULL, NULL),
	(379, 91, 22, 22, '3.22/2.91/10.17/85.22', NULL, NULL),
	(380, 91, 22, 23, '3.22/3.91/10.17/85.23', NULL, NULL),
	(381, 91, 22, 24, '3.22/3.91/10.17/85.24', NULL, NULL),
	(382, 91, 22, 25, '3.22/3.91/10.17/85.25', NULL, NULL),
	(383, 91, 22, 26, '3.22/3.91/10.17/85.26', NULL, NULL),
	(384, 91, 22, 27, '3.22/3.91/10.17/85.27', NULL, NULL),
	(385, 91, 22, 28, '3.22/3.91/10.17/85.28', NULL, NULL),
	(387, 91, 22, 29, '3.22/3.91/10.17/85.29', NULL, NULL),
	(388, 91, 22, 30, '3.22/3.91/10.17/85.30', NULL, NULL),
	(389, 91, 22, 31, '3.22/3.91/10.17/85.31', NULL, NULL),
	(390, 91, 22, 32, '3.22/3.91/10.17/85.32', NULL, NULL),
	(391, 91, 22, 33, '3.22/3.91/10.17/85.33', NULL, NULL),
	(392, 91, 22, 34, '3.22/3.91/10.17/85.34', NULL, NULL),
	(393, 91, 22, 35, '3.22/3.91/10.17/85.35', NULL, NULL),
	(394, 91, 22, 36, '3.22/3.91/10.17/85.36', NULL, NULL),
	(395, 91, 22, 37, '3.22/3.91/10.17/85.37', NULL, NULL),
	(396, 91, 22, 38, '3.22/3.91/10.17/85.38', NULL, NULL),
	(398, 91, 22, 40, '3.22/3.91/10.17/85.40', NULL, NULL),
	(399, 91, 22, 41, '3.22/3.91/10.17/85.41', NULL, NULL),
	(400, 91, 22, 42, '3.22/3.91/10.17/85.42', NULL, NULL),
	(401, 91, 22, 43, '3.22/3.91/10.17/85.43', NULL, NULL),
	(402, 91, 22, 44, '3.22/3.91/10.17/85.44', NULL, NULL),
	(403, 91, 22, 45, '3.22/3.91/10.17/85.45', NULL, NULL),
	(404, 91, 22, 46, '3.22/3.91/10.17/85.46', NULL, NULL),
	(406, 91, 22, 47, '3.22/3.91/10.17/85.47', NULL, NULL),
	(407, 91, 22, 48, '3.22/3.91/10.17/85.48', NULL, NULL),
	(408, 91, 22, 49, '3.22/3.91/10.17/85.49', NULL, NULL),
	(409, 91, 22, 50, '3.22/3.91/10.17/85.50', NULL, NULL),
	(410, 91, 22, 51, '3.22/3.91/10.17/85.51', NULL, NULL),
	(411, 91, 22, 52, '3.22/3.91/10.17/85.52', NULL, NULL),
	(412, 91, 22, 53, '3.22/3.91/10.17/85.53', NULL, NULL),
	(413, 91, 22, 54, '3.22/3.91/10.17/85.54', NULL, NULL),
	(414, 91, 22, 55, '3.22/3.91/10.17/85.55', NULL, NULL),
	(415, 91, 22, 56, '3.22/3.91/10.17/85.56', NULL, NULL),
	(416, 91, 22, 57, '3.22/3.91/10.17/85.57', NULL, NULL),
	(417, 91, 22, 58, '3.22/3.91/10.17/85.58', NULL, NULL),
	(418, 91, 22, 59, '3.22/3.91/10.17/85.59', NULL, NULL),
	(419, 91, 22, 60, '3.22/3.91/10.17/85.60', NULL, NULL),
	(420, 91, 22, 61, '3.22/3.91/10.17/85.61', NULL, NULL),
	(421, 91, 22, 62, '3.22/3.91/10.17/85.62', NULL, NULL),
	(422, 91, 22, 63, '3.22/3.91/10.17/85.63', NULL, NULL),
	(423, 91, 22, 64, '3.22/3.91/10.17/85.64', NULL, NULL),
	(424, 91, 22, 65, '3.22/3.91/10.17/85.65', NULL, NULL),
	(425, 91, 22, 66, '3.22/3.91/10.17/85.66', NULL, NULL),
	(426, 91, 22, 67, '3.22/3.91/10.17/85.67', NULL, NULL),
	(427, 91, 22, 68, '3.22/3.91/10.17/85.68', NULL, NULL),
	(428, 91, 22, 69, '3.22/3.91/10.17/85.69', NULL, NULL),
	(429, 91, 22, 70, '3.22/3.91/10.17/85.70', NULL, NULL),
	(430, 91, 22, 71, '3.22/3.91/10.17/85.71', NULL, NULL),
	(431, 91, 22, 72, '3.22/3.91/10.17/85.72', NULL, NULL),
	(432, 91, 22, 73, '3.22/3.91/10.17/85.73', NULL, NULL),
	(433, 91, 22, 74, '3.22/3.91/10.17/85.74', NULL, NULL),
	(434, 91, 22, 75, '3.22/3.91/10.17/85.75', NULL, NULL),
	(435, 91, 22, 76, '3.22/3.91/10.17/85.76', NULL, NULL),
	(436, 91, 22, 77, '3.22/3.91/10.17/85.77', NULL, NULL),
	(438, 91, 22, 78, '3.22/3.91/10.17/85.78', NULL, NULL),
	(439, 91, 22, 79, '3.22/3.91/10.17/85.79', NULL, NULL),
	(440, 91, 22, 80, '3.22/3.91/10.17/85.80', NULL, NULL),
	(441, 91, 22, 81, '3.22/3.91/10.17/85.81', NULL, NULL),
	(442, 91, 22, 82, '3.22/3.91/10.17/85.82', NULL, NULL),
	(443, 91, 22, 83, '3.22/3.91/10.17/85.83', NULL, NULL),
	(444, 91, 22, 84, '3.22/3.91/10.17/85.84', NULL, NULL),
	(445, 91, 22, 85, '3.22/3.91/10.17/85.85', NULL, NULL),
	(446, 227, 22, 1, '3.22/1.227/11.18/1.1', NULL, NULL),
	(447, 229, 22, 1, '3.22/1.229/11.17/33.1', NULL, NULL),
	(448, 229, 22, 2, '3.22/1.229/11.17/33.2', NULL, NULL),
	(449, 229, 22, 3, '3.22/1.229/11.17/33.3', NULL, NULL),
	(450, 229, 22, 4, '3.22/1.229/11.17/33.4', NULL, NULL),
	(451, 229, 22, 5, '3.22/1.229/11.17/33.5', NULL, NULL),
	(452, 229, 22, 6, '3.22/1.229/11.17/33.6', NULL, NULL),
	(453, 229, 22, 7, '3.22/1.229/11.17/33.7', NULL, NULL),
	(454, 229, 22, 8, '3.22/1.229/11.17/33.8', NULL, NULL),
	(455, 229, 22, 9, '3.22/1.229/11.17/33.9', NULL, NULL),
	(456, 229, 22, 10, '3.22/1.229/11.17/33.10', NULL, NULL),
	(457, 229, 22, 11, '3.22/1.229/11.17/33.11', NULL, NULL),
	(458, 229, 22, 12, '3.22/1.229/11.17/33.12', NULL, NULL),
	(459, 229, 22, 13, '3.22/1.229/11.17/33.13', NULL, NULL),
	(460, 229, 22, 14, '3.22/1.229/11.17/33.14', NULL, NULL),
	(461, 229, 22, 15, '3.22/1.229/11.17/33.15', NULL, NULL),
	(462, 229, 22, 16, '3.22/1.229/11.17/33.16', NULL, NULL),
	(463, 229, 22, 17, '3.22/1.229/11.17/33.17', NULL, NULL),
	(464, 229, 22, 18, '3.22/1.229/11.17/33.18', NULL, NULL),
	(465, 229, 22, 19, '3.22/1.229/11.17/33.19', NULL, NULL),
	(466, 229, 22, 20, '3.22/1.229/11.17/33.20', NULL, NULL),
	(467, 229, 22, 21, '3.22/1.229/11.17/33.21', NULL, NULL),
	(468, 229, 22, 22, '3.22/1.229/11.17/33.22', NULL, NULL),
	(469, 229, 22, 23, '3.22/1.229/11.17/33.23', NULL, NULL),
	(470, 229, 22, 24, '3.22/1.229/11.17/33.24', NULL, NULL),
	(471, 229, 22, 25, '3.22/1.229/11.17/33.25', NULL, NULL),
	(472, 229, 22, 26, '3.22/1.229/11.17/33.26', NULL, NULL),
	(473, 229, 22, 27, '3.22/1.229/11.17/33.27', NULL, NULL),
	(474, 229, 22, 28, '3.22/1.229/11.17/33.28', NULL, NULL),
	(475, 229, 22, 29, '3.22/1.229/11.17/33.29', NULL, NULL),
	(476, 229, 22, 30, '3.22/1.229/11.17/33.30', NULL, NULL),
	(477, 229, 22, 31, '3.22/1.229/11.17/33.31', NULL, NULL),
	(478, 229, 22, 32, '3.22/1.229/11.17/33.32', NULL, NULL),
	(480, 229, 22, 33, '3.22/1.229/11.17/33.33', NULL, NULL),
	(481, 66, 22, 1, '3.22/1.66/11.17/33.1', NULL, NULL),
	(482, 66, 22, 2, '3.22/1.66/11.17/33.2', NULL, NULL),
	(487, 66, 22, 3, '3.22/1.66/11.17/33.3', NULL, NULL),
	(488, 66, 22, 4, '3.22/1.66/11.17/33.4', NULL, NULL),
	(490, 66, 22, 5, '3.22/1.66/11.17/33.5', NULL, NULL),
	(491, 66, 22, 6, '3.22/1.66/11.17/33.6', NULL, NULL),
	(492, 66, 22, 7, '3.22/1.66/11.17/33.7', NULL, NULL),
	(493, 66, 22, 8, '3.22/1.66/11.17/33.8', NULL, NULL),
	(494, 66, 22, 9, '3.22/1.66/11.17/33.9', NULL, NULL),
	(495, 66, 22, 10, '3.22/1.66/11.17/33.10', NULL, NULL),
	(496, 66, 22, 11, '3.22/1.66/11.17/33.11', NULL, NULL),
	(497, 66, 22, 12, '3.22/1.66/11.17/33.12', NULL, NULL),
	(498, 66, 22, 13, '3.22/1.66/11.17/33.13', NULL, NULL),
	(499, 66, 22, 14, '3.22/1.66/11.17/33.14', NULL, NULL),
	(500, 66, 22, 15, '3.22/1.66/11.17/33.15', NULL, NULL),
	(501, 66, 22, 16, '3.22/1.66/11.17/33.16', NULL, NULL),
	(502, 66, 22, 17, '3.22/1.66/11.17/33.17', NULL, NULL),
	(503, 66, 22, 18, '3.22/1.66/11.17/33.18', NULL, NULL),
	(504, 66, 22, 19, '3.22/1.66/11.17/33.19', NULL, NULL),
	(506, 66, 22, 20, '3.22/1.66/11.17/33.20', NULL, NULL),
	(507, 66, 22, 21, '3.22/1.66/11.17/33.21', NULL, NULL),
	(508, 66, 22, 22, '3.22/1.66/11.17/33.22', NULL, NULL),
	(509, 66, 22, 23, '3.22/1.66/11.17/33.23', NULL, NULL),
	(510, 66, 22, 24, '3.22/1.66/11.17/33.24', NULL, NULL),
	(511, 66, 22, 25, '3.22/1.66/11.17/33.25', NULL, NULL),
	(512, 66, 22, 26, '3.22/1.66/11.17/33.26', NULL, NULL),
	(513, 66, 22, 27, '3.22/1.66/11.17/33.27', NULL, NULL),
	(514, 66, 22, 28, '3.22/1.66/11.17/33.28', NULL, NULL),
	(515, 66, 22, 29, '3.22/1.66/11.17/33.29', NULL, NULL),
	(516, 66, 22, 30, '3.22/1.66/11.17/33.30', NULL, NULL),
	(517, 66, 22, 31, '3.22/1.66/11.17/33.31', NULL, NULL),
	(518, 66, 22, 32, '3.22/1.66/11.17/33.32', NULL, NULL),
	(519, 66, 22, 33, '3.22/1.66/11.17/33.33', NULL, NULL),
	(520, 216, 22, 1, '3.22/1.216/11.17/1.1', NULL, NULL),
	(521, 207, 1, 1, '1.1/3.207/12.17/1.1', NULL, NULL),
	(522, 223, 1, 1, '1.1/3.223/01.18/4.1', NULL, NULL),
	(523, 223, 1, 2, '1.1/3.223/01.18/4.2', NULL, NULL),
	(524, 223, 1, 3, '1.1/3.223/01.18/4.3', NULL, NULL),
	(525, 223, 1, 4, '1.1/3.223/01.18/4.4', NULL, NULL),
	(526, 149, 1, 1, '1.1/3.149/01.18/1.1', NULL, NULL),
	(527, 56, 31, 1, '4.31/1.56/01.18/1.1', NULL, NULL),
	(528, 80, 39, 1, '4.39/1.80/02.18/1.1', NULL, NULL),
	(529, 201, 28, 1, '4.28/1.201/11.17/1.1', NULL, NULL),
	(530, 229, 36, 1, '4.36/1.229/02.18/1.1', NULL, NULL),
	(531, 21, 76, 1, '4.76/8.21/05.18/1.1', NULL, NULL),
	(532, 233, 78, 1, '4.78/6.233/03.18/1.1', NULL, NULL),
	(533, 8, 77, 1, '3.77/1.8/07.16/8.1', NULL, NULL),
	(534, 8, 77, 2, '3.77/1.8/07.16/8.2', NULL, NULL),
	(535, 8, 77, 3, '3.77/1.8/07.16/8.3', NULL, NULL),
	(537, 8, 77, 4, '3.77/1.8/07.16/8.4', NULL, NULL),
	(538, 8, 77, 5, '3.77/1.8/07.16/8.5', NULL, NULL),
	(539, 8, 77, 6, '3.77/1.8/07.16/8.6', NULL, NULL),
	(540, 8, 77, 7, '3.77/1.8/07.16/8.7', NULL, NULL),
	(541, 8, 66, 8, '4.66/1.8/07.16/8.8', NULL, NULL),
	(542, 7, 23, 1, '3.23/1.7/07.16/1.1', NULL, NULL),
	(544, 6, 26, 1, '3.26/1.6/07.16/3.1', NULL, NULL),
	(545, 6, 77, 2, '3.77/1.6/07.16/3.2', NULL, NULL),
	(546, 6, 7, 3, '1.7/1.6/07.16/3.3', NULL, NULL),
	(547, 2, 22, 1, '3.22/1.2/07.16/6.1', NULL, NULL),
	(548, 2, 22, 2, '3.22/1.2/07.16/6.2', NULL, NULL),
	(549, 2, 22, 3, '3.22/1.2/07.16/6.3', NULL, NULL),
	(550, 2, 22, 4, '3.22/1.2/07.16/6.4', NULL, NULL),
	(551, 2, 22, 5, '3.22/1.2/07.16/6.5', NULL, NULL),
	(552, 2, 66, 6, '4.66/1.2/07.16/6.6', NULL, NULL),
	(553, 36, 31, 1, '4.31/1.36/07.16/1.1', NULL, NULL),
	(554, 123, 6, 1, '1.6/1.123/02.14/3.1', NULL, NULL),
	(555, 112, 2, 1, '1.2/1.112/02.14/6.1', NULL, NULL),
	(556, 112, 3, 2, '1.3/1.112/02.14/6.2', NULL, NULL),
	(557, 112, 4, 3, '1.4/1.112/02.14/6.3', NULL, NULL),
	(558, 112, 5, 4, '1.5/1.112/02.14/6.4', NULL, NULL),
	(559, 112, 6, 5, '1.6/1.112/02.14/6.5', NULL, NULL),
	(560, 112, 11, 6, '2.11/1.112/02.14/6.6', NULL, NULL),
	(561, 162, 69, 1, '4.69/8.162/04.14/1.1', NULL, NULL),
	(562, 199, 29, 1, '4.29/1.199/05.14/2.1', NULL, NULL),
	(564, 13, 69, 1, '4.69/8.13/05.14/1.1', NULL, NULL),
	(565, 198, 31, 1, '4.31/1.198/07.14/2.1', NULL, NULL),
	(566, 178, 16, 1, '2.16/1.178/09.14/1.1', NULL, NULL),
	(567, 38, 31, 1, '4.31/1.38/05.14/1.1', NULL, NULL),
	(568, 57, 79, 1, '4.79/1.57/11.18/1.1', NULL, NULL),
	(569, 229, 28, 1, '4.28/1.229/11.18/1.1', NULL, NULL),
	(570, 66, 66, 1, '4.66/1.66/12.18/1.1', NULL, NULL),
	(571, 230, 66, 1, '4.66/1.230/12.18/1.1', NULL, NULL),
	(572, 81, 66, 1, '4.66/1.81/12.18/1.1', NULL, NULL),
	(573, 229, 31, 1, '4.31/1.229/12.18/1.1', NULL, NULL),
	(574, 118, 80, 1, '4.80/1.118/02.19/1.1', NULL, NULL),
	(575, 55, 31, 1, '4.31/1.55/04.19/1.1', NULL, NULL),
	(576, 66, 34, 1, '4.34/1.66/03.20/2.1', NULL, NULL),
	(577, 66, 77, 2, '4.77/1.66/03.20/2.2', NULL, NULL),
	(579, 66, 34, 2, '4.34/1.66/07.18/2.2', NULL, NULL),
	(580, 66, 28, 1, '4.28/1.66/07.18/2.1', NULL, NULL),
	(581, 92, 35, 1, '4.35/1.92/07.20/1.1', NULL, NULL),
	(582, 41, 22, 81, '3.22/3.41/10.17/82.81', NULL, NULL),
	(583, 91, 22, 39, '3.22/3.91/10.17/85.39', NULL, NULL),
	(584, 42, 81, 1, '4.81/3.42/02.20/1.1', NULL, NULL),
	(585, 11, 35, 1, '2.35/3.11/03.20/2.1', NULL, NULL),
	(586, 11, 35, 2, '2.35/3.11/03.20/2.2', NULL, NULL),
	(587, 72, 78, 1, '2.78/2.72/03.20/1.1', NULL, NULL),
	(588, 234, 76, 1, '4.76/1.234/03.20/1.1', NULL, NULL),
	(589, 167, 76, 1, '4.76/1.167/03.20/1.1', NULL, NULL),
	(590, 119, 73, 1, '4.73/1.119/04.20/1.1', NULL, NULL),
	(591, 235, 78, 1, '2.78/2.235/04.20/3.1', NULL, NULL),
	(592, 235, 78, 2, '2.78/2.235/04.20/3.2', NULL, NULL),
	(593, 235, 78, 3, '3.78/2.235/04.20/3.3', NULL, NULL),
	(594, 42, 81, 1, '2.81/3.42/04.20/1.1', NULL, NULL),
	(596, 42, 81, 1, '2.81/3.42/02.20/1.1', NULL, NULL),
	(598, 15, 78, 1, '4.78/1.15/08.20/3.1', NULL, NULL),
	(599, 15, 78, 2, '2.78/1.15/08.20/3.2', NULL, NULL),
	(600, 15, 78, 3, '4.78/1.15/08.20/3.3', NULL, NULL),
	(601, 58, 77, 1, '4.77/1.58/07.21/3.1', NULL, NULL),
	(602, 58, 33, 2, '4.33/1.58/07.21/3.2', NULL, NULL),
	(603, 58, 34, 3, '4.34/1.58/07.21/3.3', NULL, NULL),
	(604, 150, 82, 1, '1.82/4.150/02.21/1.1', NULL, NULL),
	(605, 151, 82, 1, '1.82/4.151/02.21/5.1', NULL, NULL),
	(606, 151, 82, 2, '1.82/4.151/02.21/5.2', NULL, NULL),
	(607, 151, 82, 3, '1.82/4.151/02.21/5.3', NULL, NULL),
	(608, 151, 82, 4, '1.82/4.151/02.21/5.4', NULL, NULL),
	(609, 151, 82, 5, '1.82/4.151/02.21/5.5', NULL, NULL),
	(611, 179, 82, 1, '1.82/4.179/02.21/1.1', NULL, NULL),
	(614, 215, 82, 1, '1.82/4.215/03.21/1.1', NULL, NULL),
	(615, 236, 82, 1, '1.82/4.236/09.21/5.1', NULL, NULL),
	(616, 236, 82, 2, '1.82/4.236/09.21/5.2', NULL, NULL),
	(617, 236, 82, 3, '1.82/4.236/09.21/5.3', NULL, NULL),
	(618, 236, 82, 4, '1.82/4.236/09.21/5.4', NULL, NULL),
	(619, 236, 82, 5, '1.82/4.236/09.21/5.5', NULL, NULL),
	(620, 237, 82, 1, '1.82/4.237/09.21/4.1', NULL, NULL),
	(621, 237, 82, 2, '1.82/4.237/09.21/4.2', NULL, NULL),
	(623, 237, 82, 3, '1.82/4.237/09.21/4.3', NULL, NULL),
	(624, 237, 82, 4, '1.82/4.237/09.21/4.4', NULL, NULL),
	(626, 238, 82, 1, '1.82/4.238/09.21/4.1', NULL, NULL),
	(627, 238, 82, 2, '1.82/4.238/09.21/4.2', NULL, NULL),
	(628, 238, 82, 3, '1.82/4.238/09.21/4.3', NULL, NULL),
	(629, 238, 82, 4, '1.82/4.238/09.21/4.4', NULL, NULL),
	(630, 240, 82, 1, '1.82/4.240/09.21/5.1', NULL, NULL),
	(631, 240, 82, 2, '1.82/4.240/09.21/5.2', NULL, NULL),
	(632, 240, 82, 3, '1.82/4.240/09.21/5.3', NULL, NULL),
	(633, 240, 82, 4, '1.82/4.240/09.21/5.4', NULL, NULL),
	(634, 240, 82, 5, '1.82/4.240/09.21/5.5', NULL, NULL),
	(635, 241, 82, 1, '1.82/4.241/09.21/1.1', NULL, NULL),
	(636, 242, 82, 1, '1.82/4.242/09.21/1.1', NULL, NULL),
	(637, 243, 82, 1, '1.82/4.243/09.21/1.1', NULL, NULL),
	(638, 244, 82, 1, '1.82/4.244/09.21/1.1', NULL, NULL),
	(639, 245, 82, 1, '1.82/4.245/09.21/1.1', NULL, NULL),
	(640, 246, 82, 1, '1.82/4.246/09.21/1.1', NULL, NULL),
	(641, 247, 82, 1, '1.82/4.247/09.21/1.1', NULL, NULL),
	(642, 250, 82, 1, '1.82/4.250/09.21/2.1', NULL, NULL),
	(643, 250, 82, 2, '1.82/4.250/09.21/2.2', NULL, NULL),
	(644, 249, 82, 1, '1.82/4.249/09.21/3.1', NULL, NULL),
	(645, 249, 82, 2, '1.82/4.249/09.21/3.2', NULL, NULL),
	(646, 249, 82, 3, '1.82/4.249/09.21/3.3', NULL, NULL),
	(647, 81, 83, 1, '4.83/1.81/09.21/1.1', NULL, NULL),
	(648, 251, 82, 1, '1.82/4.251/08.21/1.1', NULL, NULL),
	(649, 252, 82, 1, '1.82/4.252/08.21/1.1', NULL, NULL),
	(650, 253, 82, 1, '1.82/4.253/08.21/1.1', NULL, NULL),
	(651, 248, 82, 1, '1.82/4.248/02.21/1.1', NULL, NULL),
	(652, 254, 82, 1, '1.82/4.254/08.21/1.1', NULL, NULL),
	(653, 255, 82, 1, '1.82/4.255/08.21/1.1', NULL, NULL),
	(654, 256, 82, 1, '1.82/4.256/08.21/1.1', NULL, NULL),
	(655, 257, 82, 1, '1.82/4.257/08.21/1.1', NULL, NULL),
	(656, 258, 82, 1, '1.82/4.258/08.21/1.1', NULL, NULL),
	(657, 259, 82, 1, '1.82/4.259/08.21/1.1', NULL, NULL),
	(658, 260, 82, 1, '1.82/4.260/08.21/1.1', NULL, NULL),
	(659, 261, 82, 1, '1.82/4.261/08.21/1.1', NULL, NULL),
	(660, 262, 82, 1, '1.82/4.262/08.21/10.1', NULL, NULL),
	(661, 262, 82, 2, '1.82/4.262/08.21/10.2', NULL, NULL),
	(662, 262, 82, 3, '1.82/4.262/08.21/10.3', NULL, NULL),
	(663, 262, 82, 4, '1.82/4.262/08.21/10.4', NULL, NULL),
	(664, 262, 82, 5, '1.82/4.262/08.21/10.5', NULL, NULL),
	(665, 262, 82, 6, '1.82/4.262/08.21/10.6', NULL, NULL),
	(666, 262, 82, 7, '1.82/4.262/08.21/10.7', NULL, NULL),
	(667, 262, 82, 8, '1.82/4.262/08.21/10.8', NULL, NULL),
	(669, 262, 82, 9, '1.82/4.262/08.21/10.9', NULL, NULL),
	(670, 262, 82, 10, '1.82/4.262/08.21/10.10', NULL, NULL),
	(671, 263, 82, 1, '1.82/4.263/08.21/1.1', NULL, NULL),
	(672, 264, 82, 1, '1.82/4.264/08.21/1.1', NULL, NULL),
	(673, 265, 82, 1, '1.82/4.265/08.21/1.1', NULL, NULL),
	(674, 266, 82, 1, '1.82/4.266/08.21/1.1', NULL, NULL),
	(675, 267, 82, 1, '1.82/4.267/08.21/1.1', NULL, NULL),
	(676, 268, 82, 1, '1.82/4.268/08.21/1.1', NULL, NULL),
	(677, 269, 82, 1, '1.82/4.269/08.21/1.1', NULL, NULL),
	(678, 270, 82, 1, '1.82/4.270/08.21/1.1', NULL, NULL),
	(679, 161, 78, 1, '3.78/8.161/01.19/1.1', NULL, NULL),
	(680, 102, 37, 1, '4.37/1.102/04.19/1.1', NULL, NULL),
	(681, 228, 16, 1, '2.16/4.228/08.19/1.1', NULL, NULL),
	(682, 75, 34, 1, '4.34/1.75/09.19/1.1', NULL, NULL),
	(683, 160, 77, 1, '3.77/1.160/11.19/1.1', NULL, NULL),
	(684, 271, 18, 1, '2.18/4.271/11.20/1.1', NULL, NULL),
	(685, 272, 16, 1, '2.16/4.272/10.20/1.1', NULL, NULL),
	(686, 4, 17, 1, '2.17/1.4/05.10/6.1', NULL, NULL),
	(687, 4, 17, 2, '2.17/1.4/05.10/6.2', NULL, NULL),
	(688, 4, 16, 3, '2.16/1.4/05.10/6.3', NULL, NULL),
	(689, 4, 18, 4, '2.18/1.4/05.10/6.4', NULL, NULL),
	(690, 4, 19, 5, '2.19/1.4/05.10/6.5', NULL, NULL),
	(691, 4, 20, 6, '2.20/1.4/05.10/6.6', NULL, NULL),
	(692, 226, 18, 1, '2.18/4.226/08.01/1.1', NULL, NULL),
	(693, 25, 17, 1, '2.17/4.25/10.07/1.1', NULL, NULL),
	(694, 23, 17, 1, '2.17/4.23/10.07/1.1', NULL, NULL),
	(695, 177, 18, 1, '2.18/4.177/02.08/1.1', NULL, NULL),
	(696, 273, 17, 1, '2.17/4.273/02.08/1.1', NULL, NULL),
	(697, 210, 16, 1, '2.16/3.210/03.08/1.1', NULL, NULL),
	(698, 175, 16, 1, '2.16/4.175/03.08/1.1', NULL, NULL),
	(699, 146, 17, 1, '2.17/4.146/01.09/1.1', NULL, NULL),
	(700, 20, 16, 1, '2.16/4.20/03.09/1.1', NULL, NULL),
	(701, 126, 14, 1, '2.14/1.126/11.21/2.1', NULL, NULL),
	(702, 126, 71, 2, '2.71/1.126/11.21/2.2', NULL, NULL),
	(703, 231, 22, 1, '3.22/1.231/11.21/2.1', NULL, NULL),
	(704, 231, 22, 2, '3.22/1.231/11.21/2.2', NULL, NULL),
	(705, 232, 22, 1, '3.22/1.232/11.21/2.1', NULL, NULL),
	(706, 232, 22, 2, '3.22/1.232/11.21/2.2', NULL, NULL),
	(707, 67, 79, 1, '4.79/1.67/11.21/1.1', NULL, NULL),
	(708, 120, 14, 1, '2.14/1.120/11.21/2.1', NULL, NULL),
	(709, 120, 71, 2, '2.71/1.120/11.21/2.2', NULL, NULL);

-- membuang struktur untuk table simanis.personal_access_tokens
CREATE TABLE IF NOT EXISTS `personal_access_tokens` (
  `id` bigint unsigned NOT NULL AUTO_INCREMENT,
  `tokenable_type` varchar(255) COLLATE utf8mb4_unicode_ci NOT NULL,
  `tokenable_id` bigint unsigned NOT NULL,
  `name` varchar(255) COLLATE utf8mb4_unicode_ci NOT NULL,
  `token` varchar(64) COLLATE utf8mb4_unicode_ci NOT NULL,
  `abilities` text COLLATE utf8mb4_unicode_ci,
  `last_used_at` timestamp NULL DEFAULT NULL,
  `expires_at` timestamp NULL DEFAULT NULL,
  `created_at` timestamp NULL DEFAULT NULL,
  `updated_at` timestamp NULL DEFAULT NULL,
  PRIMARY KEY (`id`),
  UNIQUE KEY `personal_access_tokens_token_unique` (`token`),
  KEY `personal_access_tokens_tokenable_type_tokenable_id_index` (`tokenable_type`,`tokenable_id`)
) ENGINE=InnoDB DEFAULT CHARSET=utf8mb4 COLLATE=utf8mb4_unicode_ci;

-- Membuang data untuk tabel simanis.personal_access_tokens: ~0 rows (lebih kurang)

-- membuang struktur untuk table simanis.ruangans
CREATE TABLE IF NOT EXISTS `ruangans` (
  `id` bigint unsigned NOT NULL AUTO_INCREMENT,
  `namaRuangan` varchar(255) COLLATE utf8mb4_unicode_ci NOT NULL,
  `gedung_id` varchar(255) COLLATE utf8mb4_unicode_ci NOT NULL,
  `created_at` timestamp NULL DEFAULT NULL,
  `updated_at` timestamp NULL DEFAULT NULL,
  PRIMARY KEY (`id`)
) ENGINE=InnoDB AUTO_INCREMENT=2107 DEFAULT CHARSET=utf8mb4 COLLATE=utf8mb4_unicode_ci;

-- Membuang data untuk tabel simanis.ruangans: ~85 rows (lebih kurang)
INSERT INTO `ruangans` (`id`, `namaRuangan`, `gedung_id`, `created_at`, `updated_at`) VALUES
	(1, 'Louis 1', '1', '2024-04-05 15:19:02', '2024-04-05 15:27:41'),
	(2, 'Louis 2', '1', '2024-04-05 15:27:44', '2024-04-05 15:27:45'),
	(3, 'Louis 3', '1', '2024-04-05 15:27:45', '2024-04-05 15:27:46'),
	(4, 'Louis 4', '1', '2024-04-05 15:27:47', '2024-04-05 15:27:48'),
	(5, 'Louis 5', '1', '2024-04-05 15:27:49', '2024-04-05 15:27:50'),
	(6, 'Louis 6', '1', '2024-04-05 15:27:51', '2024-04-05 15:27:51'),
	(7, 'BAPSI', '1', '2024-04-05 15:27:52', '2024-04-05 15:27:53'),
	(8, 'BEM', '1', '2024-04-05 15:27:54', '2024-04-05 15:27:54'),
	(9, 'Marie Anne 1', '2', '2024-04-05 15:27:55', '2024-04-05 15:27:56'),
	(10, 'Marie Anne 2', '2', '2024-04-05 15:27:56', '2024-04-05 15:27:57'),
	(11, 'Marie Anne 3', '2', '2024-04-05 15:27:58', '2024-04-05 15:27:58'),
	(12, 'Marie Anne 4', '2', '2024-04-05 15:27:59', '2024-04-05 15:27:59'),
	(13, 'Marie Anne 5', '2', '2024-04-05 15:28:00', '2024-04-05 15:28:01'),
	(14, 'Marie Anne 6', '2', '2024-04-05 15:28:02', '2024-04-05 15:28:02'),
	(15, 'Marie Anne7', '2', '2024-04-05 15:28:03', '2024-04-05 15:28:04'),
	(16, 'CS Laboratorium', '2', '2024-04-05 15:28:05', '2024-04-05 15:28:06'),
	(17, 'Laboratorium HBN', '2', '2024-04-05 15:28:06', '2024-04-05 15:28:07'),
	(18, 'Laboratorium Maternitas', '2', '2024-04-05 15:28:08', '2024-04-05 15:28:08'),
	(19, 'Laboratorium Pediatric', '2', '2024-04-05 15:28:10', '2024-04-05 15:28:11'),
	(20, 'Laboratorium Psyciatric', '2', '2024-04-05 15:28:12', '2024-04-05 15:28:12'),
	(21, 'Laboratorium Komunitas', '2', '2024-04-05 15:28:13', '2024-04-05 15:28:14'),
	(22, 'CBT', '3', '2024-04-05 15:28:14', '2024-04-05 15:28:15'),
	(23, 'LPPM ', '3', '2024-04-05 15:28:16', '2024-04-05 15:28:16'),
	(24, 'HIMA DIII', '3', '2024-04-05 15:28:17', '2024-04-05 15:28:18'),
	(25, 'HIMA PSIK', '3', '2024-04-05 15:28:19', '2024-04-05 15:28:19'),
	(26, 'BK', '3', '2024-04-05 15:28:23', '2024-04-05 15:28:23'),
	(27, 'Gedung Serbaguna', '3', '2024-04-05 15:28:24', '2024-04-05 15:28:25'),
	(28, 'Ketua', '4', '2024-04-05 15:28:26', '2024-04-05 15:28:27'),
	(29, 'Sekretaris Ketua', '4', '2024-04-05 15:28:27', '2024-04-05 15:28:28'),
	(30, 'WAKET I', '4', '2024-04-05 15:28:29', '2024-04-05 15:28:30'),
	(31, 'WAKET II', '4', '2024-04-05 15:28:30', '2024-04-05 15:28:31'),
	(32, 'WAKET III', '4', '2024-04-05 15:28:32', '2024-04-05 15:28:33'),
	(33, 'Personalia', '4', '2024-04-05 15:28:33', '2024-04-05 15:28:34'),
	(34, 'Tata Usaha', '4', '2024-04-05 15:29:56', '2024-04-05 15:29:57'),
	(35, 'Resepsionist', '4', '2024-04-05 15:29:58', '2024-04-05 15:29:59'),
	(36, 'BAA', '4', '2024-04-05 15:30:00', '2024-04-05 15:30:01'),
	(37, 'BAUK', '4', '2024-04-05 15:30:02', '2024-04-05 15:30:03'),
	(38, 'LKPT', '4', '2024-04-05 15:30:04', '2024-04-05 15:30:05'),
	(39, 'LPMI', '4', '2024-04-05 15:30:06', '2024-04-05 15:30:07'),
	(40, 'Komputer Bahasa', '4', '2024-04-05 15:30:08', '2024-04-05 15:30:09'),
	(41, 'AV', '4', '2024-04-05 15:30:10', '2024-04-05 15:30:10'),
	(42, 'Dosen 1', '4', '2024-04-05 15:30:11', '2024-04-05 15:30:12'),
	(43, 'Dosen 2', '4', '2024-04-05 15:29:55', '2024-04-05 15:29:56'),
	(44, 'Dosen 3', '4', '2024-04-05 15:30:15', '2024-04-05 15:30:16'),
	(45, 'Dosen 4', '4', '2024-04-05 15:30:17', '2024-04-05 15:30:17'),
	(46, 'Dosen 5', '4', '2024-04-05 15:30:18', '2024-04-05 15:30:19'),
	(47, 'Dosen 6', '4', '2024-04-05 15:30:20', '2024-04-05 15:30:21'),
	(48, 'Dosen 7', '4', '2024-04-05 15:30:22', '2024-04-05 15:30:22'),
	(49, 'Dosen 8', '4', '2024-04-05 15:30:23', '2024-04-05 15:30:24'),
	(50, 'Dosen 9', '4', '2024-04-05 15:30:26', '2024-04-05 15:30:25'),
	(51, 'Dosen 10', '4', '2024-04-05 15:30:27', '2024-04-05 15:30:27'),
	(52, 'Dosen 11', '4', '2024-04-05 15:30:28', '2024-04-05 15:30:29'),
	(53, 'Dosen 12', '4', '2024-04-05 15:29:17', '2024-04-05 15:29:18'),
	(54, 'Dosen 13', '4', '2024-04-05 15:29:02', '2024-04-05 15:29:03'),
	(55, 'Dosen 14', '4', '2024-04-05 15:29:03', '2024-04-05 15:29:04'),
	(56, 'Dosen 15', '4', '2024-04-05 15:29:04', '2024-04-05 15:29:06'),
	(57, 'Dosen 16', '4', '2024-04-05 15:29:07', '2024-04-05 15:29:07'),
	(58, 'Dosen 17', '4', '2024-04-05 15:29:08', '2024-04-05 15:29:08'),
	(59, 'Dosen 18', '4', '2024-04-05 15:29:12', '2024-04-05 15:29:11'),
	(60, 'Dosen 19', '4', '2024-04-05 15:29:12', '2024-04-05 15:29:13'),
	(61, 'Dosen 20', '4', '2024-04-05 15:29:13', '2024-04-05 15:29:14'),
	(62, 'CC', '4', '2024-04-05 15:29:14', '2024-04-05 15:29:15'),
	(63, 'BKA', '4', '2024-04-05 15:29:16', '2024-04-05 15:29:17'),
	(64, 'LBK', '4', '2024-04-05 15:29:19', '2024-04-05 15:29:20'),
	(65, 'Kepala Asrama', '4', '2024-04-05 15:29:20', '2024-04-05 15:29:21'),
	(66, 'Yayasan', '4', '2024-04-05 15:29:22', '2024-04-05 15:29:22'),
	(67, 'Gudang I', '4', '2024-04-05 15:29:23', '2024-04-05 15:29:24'),
	(68, 'Gudang II', '4', '2024-04-05 15:29:25', '2024-04-05 15:29:26'),
	(69, 'Gudang CS', '4', '2024-04-05 15:29:27', '2024-04-05 15:29:28'),
	(70, 'UKS', '2', '2024-04-05 15:29:29', '2024-04-05 15:29:29'),
	(71, 'Aula', '2', '2024-04-05 15:29:30', '2024-04-05 15:29:31'),
	(72, 'Kantin', '5', '2024-04-05 15:29:32', '2024-04-05 15:29:32'),
	(73, 'Kapel Susteran', '6', '2024-04-05 15:29:34', '2024-04-05 15:29:35'),
	(74, 'Rumah Dinas Tamiang Buntok', '7', '2024-04-05 15:29:36', '2024-04-05 15:29:37'),
	(75, 'Ruang Dosen', '4', '2024-04-05 15:30:13', '2024-04-05 15:30:14'),
	(76, 'Ruang Sarana Prasarana', '4', '2024-04-05 15:29:39', '2024-04-05 15:29:39'),
	(77, 'Perpustakaan', '3', '2024-04-05 15:29:40', '2024-04-05 15:29:41'),
	(78, 'Area STIKES Suaka Insan', '4', '2024-04-05 15:29:42', '2024-04-05 15:29:43'),
	(79, 'Sekretaris Yayasan', '4', '2024-04-05 15:29:44', '2024-04-05 15:29:45'),
	(80, 'BAA (PDPT)', '4', '2024-04-05 15:29:46', '2024-04-05 15:29:47'),
	(81, 'Tokserba STIKES', '4', '2024-04-05 15:29:47', '2024-04-05 15:29:48'),
	(82, 'Laboratorium Fisioterapi', '1', '2024-04-05 15:29:49', '2024-04-05 15:29:49'),
	(83, 'R. Prodi Fisioterapi', '4', '2024-04-05 15:29:50', '2024-04-05 15:29:51'),
	(85, 'R. Prodi Admin Kesehatan', '4', '2024-04-05 15:29:52', '2024-04-05 15:29:52'),
	(87, 'R. Promosi Kampus', '4', '2024-04-05 15:29:53', '2024-04-05 15:29:54');

-- membuang struktur untuk table simanis.users
CREATE TABLE IF NOT EXISTS `users` (
  `id` bigint unsigned NOT NULL AUTO_INCREMENT,
  `name` varchar(255) COLLATE utf8mb4_unicode_ci NOT NULL,
  `email` varchar(255) COLLATE utf8mb4_unicode_ci NOT NULL,
  `email_verified_at` timestamp NULL DEFAULT NULL,
  `password` varchar(255) COLLATE utf8mb4_unicode_ci NOT NULL,
  `remember_token` varchar(100) COLLATE utf8mb4_unicode_ci DEFAULT NULL,
  `created_at` timestamp NULL DEFAULT NULL,
  `updated_at` timestamp NULL DEFAULT NULL,
  PRIMARY KEY (`id`),
  UNIQUE KEY `users_email_unique` (`email`)
) ENGINE=InnoDB AUTO_INCREMENT=2 DEFAULT CHARSET=utf8mb4 COLLATE=utf8mb4_unicode_ci;

-- Membuang data untuk tabel simanis.users: ~0 rows (lebih kurang)
INSERT INTO `users` (`id`, `name`, `email`, `email_verified_at`, `password`, `remember_token`, `created_at`, `updated_at`) VALUES
	(1, 'admin', 'admin@gmail.com', '2024-04-05 06:43:50', '$2y$12$UJgWD.iB3L92GFMSMfJTTei5hdCJFK3ellmmcUgIPgMyE0/m/wEEe', 'ZQixsoF01YFjAUDt9i3ijKY5GKYA3Dm1VlcYbvApbOeRX0In4IPBZs67cRNf', '2024-04-05 06:43:50', '2024-04-05 06:43:50');

/*!40103 SET TIME_ZONE=IFNULL(@OLD_TIME_ZONE, 'system') */;
/*!40101 SET SQL_MODE=IFNULL(@OLD_SQL_MODE, '') */;
/*!40014 SET FOREIGN_KEY_CHECKS=IFNULL(@OLD_FOREIGN_KEY_CHECKS, 1) */;
/*!40101 SET CHARACTER_SET_CLIENT=@OLD_CHARACTER_SET_CLIENT */;
/*!40111 SET SQL_NOTES=IFNULL(@OLD_SQL_NOTES, 1) */;
